WARNING: A terminally deprecated method in sun.misc.Unsafe has been called
WARNING: sun.misc.Unsafe::staticFieldBase has been called by com.google.inject.internal.aop.HiddenClassDefiner (file:/home/tezball/.m2/wrapper/dists/apache-maven-3.9.11/a2d47e15/lib/guice-5.1.0-classes.jar)
WARNING: Please consider reporting this to the maintainers of class com.google.inject.internal.aop.HiddenClassDefiner
WARNING: sun.misc.Unsafe::staticFieldBase will be removed in a future release

  .   ____          _            __ _ _
 /\\ / ___'_ __ _ _(_)_ __  __ _ \ \ \ \
( ( )\___ | '_ | '_| | '_ \/ _` | \ \ \ \
 \\/  ___)| |_)| | | | | || (_| |  ) ) ) )
  '  |____| .__|_| |_|_| |_\__, | / / / /
 =========|_|==============|___/=/_/_/_/

 :: Spring Boot ::                (v4.0.0)

2025-12-12 17:22:18.025  INFO [        ] c.e.foreverhome.ForeverHomeApplication   : Starting ForeverHomeApplication using Java 25.0.1 with PID 161657 (/home/tezball/projects/forever-home/target/classes started by tezball in /home/tezball/projects/forever-home)
2025-12-12 17:22:18.027  INFO [        ] c.e.foreverhome.ForeverHomeApplication   : No active profile set, falling back to 1 default profile: "default"
2025-12-12 17:22:18.046  INFO [        ] .e.DevToolsPropertyDefaultsPostProcessor : Devtools property defaults active! Set 'spring.devtools.add-properties' to 'false' to disable
2025-12-12 17:22:18.046  INFO [        ] .e.DevToolsPropertyDefaultsPostProcessor : For additional web related logging consider setting the 'logging.level.web' property to 'DEBUG'
2025-12-12 17:22:18.056  INFO [        ] .s.b.d.c.l.DockerComposeLifecycleManager : Using Docker Compose file /home/tezball/projects/forever-home/compose.yaml
2025-12-12 17:22:18.244  INFO [        ] .s.b.d.c.l.DockerComposeLifecycleManager : There are already Docker Compose services running, skipping startup
2025-12-12 17:22:18.641  INFO [        ] .s.d.r.c.RepositoryConfigurationDelegate : Bootstrapping Spring Data JDBC repositories in DEFAULT mode.
2025-12-12 17:22:18.667  INFO [        ] .s.d.r.c.RepositoryConfigurationDelegate : Finished Spring Data repository scanning in 22 ms. Found 19 JDBC repository interfaces.
2025-12-12 17:22:18.906  INFO [        ] o.s.boot.tomcat.TomcatWebServer          : Tomcat initialized with port 8080 (http)
2025-12-12 17:22:18.911  INFO [        ] o.apache.catalina.core.StandardService   : Starting service [Tomcat]
2025-12-12 17:22:18.912  INFO [        ] o.apache.catalina.core.StandardEngine    : Starting Servlet engine: [Apache Tomcat/11.0.14]
2025-12-12 17:22:18.924  INFO [        ] b.w.c.s.WebApplicationContextInitializer : Root WebApplicationContext: initialization completed in 675 ms
2025-12-12 17:22:19.047  INFO [        ] com.zaxxer.hikari.HikariDataSource       : HikariPool-1 - Starting...
2025-12-12 17:22:19.097  INFO [        ] com.zaxxer.hikari.pool.HikariPool        : HikariPool-1 - Added connection org.postgresql.jdbc.PgConnection@4e0af716
2025-12-12 17:22:19.098  INFO [        ] com.zaxxer.hikari.HikariDataSource       : HikariPool-1 - Start completed.
2025-12-12 17:22:19.257  INFO [        ] c.e.f.service.SmtpEmailService           : SmtpEmailService initialized - emails will be sent via SMTP (Mailpit UI: http://localhost:8025)
2025-12-12 17:22:19.533  INFO [        ] c.e.f.config.FlywayMigrationRunner       : Configuring Flyway manually with datasource
2025-12-12 17:22:19.533  INFO [        ] c.e.f.config.FlywayMigrationRunner       : Flyway locations: classpath:db/migration
2025-12-12 17:22:19.533  INFO [        ] c.e.f.config.FlywayMigrationRunner       : Baseline on migrate: true, Baseline version: 0
2025-12-12 17:22:19.533  INFO [        ] c.e.f.config.FlywayMigrationRunner       : Clean on start: true, Repair on start: true
2025-12-12 17:22:19.579  WARN [        ] c.e.f.config.FlywayMigrationRunner       : !!! FLYWAY CLEAN ENABLED - DROPPING ALL TABLES !!!
2025-12-12 17:22:19.582 DEBUG [        ] o.f.c.i.s.classpath.ClassPathScanner     : Scanning for classpath resources at 'classpath:db/callback' ...
2025-12-12 17:22:19.582 DEBUG [        ] o.f.c.i.s.classpath.ClassPathScanner     : Determining location urls for classpath:db/callback using ClassLoader org.springframework.boot.devtools.restart.classloader.RestartClassLoader@5bf53dbe ...
2025-12-12 17:22:19.582 DEBUG [        ] o.f.c.i.s.classpath.ClassPathScanner     : Unable to resolve location classpath:db/callback.
2025-12-12 17:22:19.582 DEBUG [        ] o.f.c.i.s.classpath.ClassPathScanner     : Scanning for classpath resources at 'classpath:db/migration' ...
2025-12-12 17:22:19.582 DEBUG [        ] o.f.c.i.s.classpath.ClassPathScanner     : Determining location urls for classpath:db/migration using ClassLoader org.springframework.boot.devtools.restart.classloader.RestartClassLoader@5bf53dbe ...
2025-12-12 17:22:19.582 DEBUG [        ] o.f.c.i.s.classpath.ClassPathScanner     : Scanning URL: file:/home/tezball/projects/forever-home/target/classes/db/migration
2025-12-12 17:22:19.583 DEBUG [        ] i.s.c.FileSystemClassPathLocationScanner : Scanning starting at classpath root in filesystem: /home/tezball/projects/forever-home/target/classes/
2025-12-12 17:22:19.583 DEBUG [        ] i.s.c.FileSystemClassPathLocationScanner : Scanning for resources in path: /home/tezball/projects/forever-home/target/classes/db/migration (db/migration)
2025-12-12 17:22:19.584 DEBUG [        ] o.f.c.i.s.classpath.ClassPathScanner     : Found resource: db/migration/V10__create_vet_signoffs_table.sql
2025-12-12 17:22:19.584 DEBUG [        ] o.f.c.i.s.classpath.ClassPathScanner     : Found resource: db/migration/V11__create_vaccination_records_table.sql
2025-12-12 17:22:19.584 DEBUG [        ] o.f.c.i.s.classpath.ClassPathScanner     : Found resource: db/migration/V12__create_adoption_applications_table.sql
2025-12-12 17:22:19.584 DEBUG [        ] o.f.c.i.s.classpath.ClassPathScanner     : Found resource: db/migration/V13__create_adoptions_table.sql
2025-12-12 17:22:19.584 DEBUG [        ] o.f.c.i.s.classpath.ClassPathScanner     : Found resource: db/migration/V14__create_favorites_table.sql
2025-12-12 17:22:19.584 DEBUG [        ] o.f.c.i.s.classpath.ClassPathScanner     : Found resource: db/migration/V15__create_notifications_table.sql
2025-12-12 17:22:19.584 DEBUG [        ] o.f.c.i.s.classpath.ClassPathScanner     : Found resource: db/migration/V16__restrict_species_to_cats_and_dogs.sql
2025-12-12 17:22:19.584 DEBUG [        ] o.f.c.i.s.classpath.ClassPathScanner     : Found resource: db/migration/V17__create_vet_approvals_table.sql
2025-12-12 17:22:19.584 DEBUG [        ] o.f.c.i.s.classpath.ClassPathScanner     : Found resource: db/migration/V18__create_pet_status_history_table.sql
2025-12-12 17:22:19.584 DEBUG [        ] o.f.c.i.s.classpath.ClassPathScanner     : Found resource: db/migration/V19__create_content_moderation_tables.sql
2025-12-12 17:22:19.584 DEBUG [        ] o.f.c.i.s.classpath.ClassPathScanner     : Found resource: db/migration/V1__create_users_table.sql
2025-12-12 17:22:19.584 DEBUG [        ] o.f.c.i.s.classpath.ClassPathScanner     : Found resource: db/migration/V20__fix_adoption_applications_nullable_columns.sql
2025-12-12 17:22:19.584 DEBUG [        ] o.f.c.i.s.classpath.ClassPathScanner     : Found resource: db/migration/V21__verify_test_rescue_organization.sql
2025-12-12 17:22:19.584 DEBUG [        ] o.f.c.i.s.classpath.ClassPathScanner     : Found resource: db/migration/V2__create_refresh_tokens_table.sql
2025-12-12 17:22:19.584 DEBUG [        ] o.f.c.i.s.classpath.ClassPathScanner     : Found resource: db/migration/V3__create_fosters_table.sql
2025-12-12 17:22:19.584 DEBUG [        ] o.f.c.i.s.classpath.ClassPathScanner     : Found resource: db/migration/V4__create_adopters_table.sql
2025-12-12 17:22:19.585 DEBUG [        ] o.f.c.i.s.classpath.ClassPathScanner     : Found resource: db/migration/V5__create_rescue_organizations_table.sql
2025-12-12 17:22:19.585 DEBUG [        ] o.f.c.i.s.classpath.ClassPathScanner     : Found resource: db/migration/V6__create_vets_table.sql
2025-12-12 17:22:19.585 DEBUG [        ] o.f.c.i.s.classpath.ClassPathScanner     : Found resource: db/migration/V7__create_admins_table.sql
2025-12-12 17:22:19.585 DEBUG [        ] o.f.c.i.s.classpath.ClassPathScanner     : Found resource: db/migration/V8__create_pets_table.sql
2025-12-12 17:22:19.585 DEBUG [        ] o.f.c.i.s.classpath.ClassPathScanner     : Found resource: db/migration/V9__create_pet_images_table.sql
2025-12-12 17:22:19.585 DEBUG [        ] o.f.c.i.s.classpath.ClassPathScanner     : Scanning for classpath resources at 'classpath:db/migration' ...
2025-12-12 17:22:19.585 DEBUG [        ] o.f.c.i.s.classpath.ClassPathScanner     : Determining location urls for classpath:db/migration using ClassLoader org.springframework.boot.devtools.restart.classloader.RestartClassLoader@5bf53dbe ...
2025-12-12 17:22:19.586 DEBUG [        ] o.f.c.i.s.classpath.ClassPathScanner     : Scanning URL: file:/home/tezball/projects/forever-home/target/classes/db/migration
2025-12-12 17:22:19.586 DEBUG [        ] o.f.c.i.s.classpath.ClassPathScanner     : Found resource: db/migration/V10__create_vet_signoffs_table.sql
2025-12-12 17:22:19.586 DEBUG [        ] o.f.c.i.s.classpath.ClassPathScanner     : Found resource: db/migration/V11__create_vaccination_records_table.sql
2025-12-12 17:22:19.586 DEBUG [        ] o.f.c.i.s.classpath.ClassPathScanner     : Found resource: db/migration/V12__create_adoption_applications_table.sql
2025-12-12 17:22:19.586 DEBUG [        ] o.f.c.i.s.classpath.ClassPathScanner     : Found resource: db/migration/V13__create_adoptions_table.sql
2025-12-12 17:22:19.586 DEBUG [        ] o.f.c.i.s.classpath.ClassPathScanner     : Found resource: db/migration/V14__create_favorites_table.sql
2025-12-12 17:22:19.586 DEBUG [        ] o.f.c.i.s.classpath.ClassPathScanner     : Found resource: db/migration/V15__create_notifications_table.sql
2025-12-12 17:22:19.586 DEBUG [        ] o.f.c.i.s.classpath.ClassPathScanner     : Found resource: db/migration/V16__restrict_species_to_cats_and_dogs.sql
2025-12-12 17:22:19.586 DEBUG [        ] o.f.c.i.s.classpath.ClassPathScanner     : Found resource: db/migration/V17__create_vet_approvals_table.sql
2025-12-12 17:22:19.586 DEBUG [        ] o.f.c.i.s.classpath.ClassPathScanner     : Found resource: db/migration/V18__create_pet_status_history_table.sql
2025-12-12 17:22:19.586 DEBUG [        ] o.f.c.i.s.classpath.ClassPathScanner     : Found resource: db/migration/V19__create_content_moderation_tables.sql
2025-12-12 17:22:19.586 DEBUG [        ] o.f.c.i.s.classpath.ClassPathScanner     : Found resource: db/migration/V1__create_users_table.sql
2025-12-12 17:22:19.586 DEBUG [        ] o.f.c.i.s.classpath.ClassPathScanner     : Found resource: db/migration/V20__fix_adoption_applications_nullable_columns.sql
2025-12-12 17:22:19.586 DEBUG [        ] o.f.c.i.s.classpath.ClassPathScanner     : Found resource: db/migration/V21__verify_test_rescue_organization.sql
2025-12-12 17:22:19.586 DEBUG [        ] o.f.c.i.s.classpath.ClassPathScanner     : Found resource: db/migration/V2__create_refresh_tokens_table.sql
2025-12-12 17:22:19.586 DEBUG [        ] o.f.c.i.s.classpath.ClassPathScanner     : Found resource: db/migration/V3__create_fosters_table.sql
2025-12-12 17:22:19.586 DEBUG [        ] o.f.c.i.s.classpath.ClassPathScanner     : Found resource: db/migration/V4__create_adopters_table.sql
2025-12-12 17:22:19.586 DEBUG [        ] o.f.c.i.s.classpath.ClassPathScanner     : Found resource: db/migration/V5__create_rescue_organizations_table.sql
2025-12-12 17:22:19.587 DEBUG [        ] o.f.c.i.s.classpath.ClassPathScanner     : Found resource: db/migration/V6__create_vets_table.sql
2025-12-12 17:22:19.587 DEBUG [        ] o.f.c.i.s.classpath.ClassPathScanner     : Found resource: db/migration/V7__create_admins_table.sql
2025-12-12 17:22:19.587 DEBUG [        ] o.f.c.i.s.classpath.ClassPathScanner     : Found resource: db/migration/V8__create_pets_table.sql
2025-12-12 17:22:19.587 DEBUG [        ] o.f.c.i.s.classpath.ClassPathScanner     : Found resource: db/migration/V9__create_pet_images_table.sql
2025-12-12 17:22:19.587 DEBUG [        ] o.f.c.i.s.classpath.ClassPathScanner     : Scanning for classes at classpath:db/migration
2025-12-12 17:22:19.593 DEBUG [        ] o.f.c.i.resource.ResourceNameValidator   : Validating V21__verify_test_rescue_organization.sql
2025-12-12 17:22:19.593 DEBUG [        ] o.f.c.i.resource.ResourceNameValidator   : Validating V1__create_users_table.sql
2025-12-12 17:22:19.593 DEBUG [        ] o.f.c.i.resource.ResourceNameValidator   : Validating V18__create_pet_status_history_table.sql
2025-12-12 17:22:19.594 DEBUG [        ] o.f.c.i.resource.ResourceNameValidator   : Validating V4__create_adopters_table.sql
2025-12-12 17:22:19.594 DEBUG [        ] o.f.c.i.resource.ResourceNameValidator   : Validating V5__create_rescue_organizations_table.sql
2025-12-12 17:22:19.594 DEBUG [        ] o.f.c.i.resource.ResourceNameValidator   : Validating V6__create_vets_table.sql
2025-12-12 17:22:19.594 DEBUG [        ] o.f.c.i.resource.ResourceNameValidator   : Validating V16__restrict_species_to_cats_and_dogs.sql
2025-12-12 17:22:19.594 DEBUG [        ] o.f.c.i.resource.ResourceNameValidator   : Validating V12__create_adoption_applications_table.sql
2025-12-12 17:22:19.594 DEBUG [        ] o.f.c.i.resource.ResourceNameValidator   : Validating V19__create_content_moderation_tables.sql
2025-12-12 17:22:19.594 DEBUG [        ] o.f.c.i.resource.ResourceNameValidator   : Validating V9__create_pet_images_table.sql
2025-12-12 17:22:19.594 DEBUG [        ] o.f.c.i.resource.ResourceNameValidator   : Validating V8__create_pets_table.sql
2025-12-12 17:22:19.595 DEBUG [        ] o.f.c.i.resource.ResourceNameValidator   : Validating V7__create_admins_table.sql
2025-12-12 17:22:19.595 DEBUG [        ] o.f.c.i.resource.ResourceNameValidator   : Validating V20__fix_adoption_applications_nullable_columns.sql
2025-12-12 17:22:19.595 DEBUG [        ] o.f.c.i.resource.ResourceNameValidator   : Validating V11__create_vaccination_records_table.sql
2025-12-12 17:22:19.595 DEBUG [        ] o.f.c.i.resource.ResourceNameValidator   : Validating V14__create_favorites_table.sql
2025-12-12 17:22:19.595 DEBUG [        ] o.f.c.i.resource.ResourceNameValidator   : Validating V10__create_vet_signoffs_table.sql
2025-12-12 17:22:19.595 DEBUG [        ] o.f.c.i.resource.ResourceNameValidator   : Validating V17__create_vet_approvals_table.sql
2025-12-12 17:22:19.595 DEBUG [        ] o.f.c.i.resource.ResourceNameValidator   : Validating V3__create_fosters_table.sql
2025-12-12 17:22:19.595 DEBUG [        ] o.f.c.i.resource.ResourceNameValidator   : Validating V13__create_adoptions_table.sql
2025-12-12 17:22:19.595 DEBUG [        ] o.f.c.i.resource.ResourceNameValidator   : Validating V15__create_notifications_table.sql
2025-12-12 17:22:19.595 DEBUG [        ] o.f.c.i.resource.ResourceNameValidator   : Validating V2__create_refresh_tokens_table.sql
2025-12-12 17:22:19.596 DEBUG [        ] o.f.c.i.database.DatabaseTypeRegister    : Multiple databases found that handle url 'jdbc:postgresql://127.0.0.1:5432/foreverhome?ApplicationName=forever-home': CockroachDB,PostgreSQL
2025-12-12 17:22:19.597  INFO [        ] org.flywaydb.core.FlywayExecutor         : Database: jdbc:postgresql://127.0.0.1:5432/foreverhome?ApplicationName=forever-home (PostgreSQL 16.10)
2025-12-12 17:22:19.597 DEBUG [        ] org.flywaydb.core.FlywayExecutor         : Database Type: PostgreSQL
2025-12-12 17:22:19.597 DEBUG [        ] org.flywaydb.core.FlywayExecutor         : Driver: PostgreSQL JDBC Driver 42.7.8
2025-12-12 17:22:19.597 DEBUG [        ] org.flywaydb.core.FlywayExecutor         : DDL Transactions Supported: true
2025-12-12 17:22:19.597 DEBUG [        ] o.f.c.i.s.SchemaHistoryFactory           : Schemas: 
2025-12-12 17:22:19.597 DEBUG [        ] o.f.c.i.s.SchemaHistoryFactory           : Default schema: null
2025-12-12 17:22:19.601 DEBUG [        ] org.flywaydb.core.FlywayExecutor         : Scanning for script callbacks ...
2025-12-12 17:22:19.603 DEBUG [        ] o.f.c.i.c.SqlScriptCallbackFactory       : Scanning for SQL callbacks ...
2025-12-12 17:22:19.611 DEBUG [        ] o.f.c.i.command.clean.CleanExecutor      : Dropping pre-schema database level objects...
2025-12-12 17:22:19.612  INFO [        ] o.f.c.i.command.clean.CleanExecutor      : Successfully dropped pre-schema database level objects (execution time 00:00.000s)
2025-12-12 17:22:19.612 DEBUG [        ] o.f.c.i.command.clean.CleanExecutor      : Cleaning schema "public"...
2025-12-12 17:22:19.632  INFO [        ] o.f.c.i.command.clean.CleanExecutor      : Successfully cleaned schema "public" (execution time 00:00.020s)
2025-12-12 17:22:19.633 DEBUG [        ] o.f.c.i.command.clean.CleanExecutor      : Cleaning schema "public"...
2025-12-12 17:22:19.637  INFO [        ] o.f.c.i.command.clean.CleanExecutor      : Successfully cleaned schema "public" (execution time 00:00.004s)
2025-12-12 17:22:19.637 DEBUG [        ] o.f.c.i.command.clean.CleanExecutor      : Dropping post-schema database level objects...
2025-12-12 17:22:19.637  INFO [        ] o.f.c.i.command.clean.CleanExecutor      : Successfully dropped post-schema database level objects (execution time 00:00.000s)
2025-12-12 17:22:19.640 DEBUG [        ] org.flywaydb.core.FlywayExecutor         : Memory usage: 97 of 136M
2025-12-12 17:22:19.640  INFO [        ] c.e.f.config.FlywayMigrationRunner       : Database cleaned successfully
2025-12-12 17:22:19.640  INFO [        ] c.e.f.config.FlywayMigrationRunner       : Running Flyway repair to fix checksum mismatches...
2025-12-12 17:22:19.642 DEBUG [        ] o.f.c.i.s.classpath.ClassPathScanner     : Scanning for classpath resources at 'classpath:db/migration' ...
2025-12-12 17:22:19.642 DEBUG [        ] o.f.c.i.s.classpath.ClassPathScanner     : Determining location urls for classpath:db/migration using ClassLoader org.springframework.boot.devtools.restart.classloader.RestartClassLoader@5bf53dbe ...
2025-12-12 17:22:19.642 DEBUG [        ] o.f.c.i.s.classpath.ClassPathScanner     : Scanning URL: file:/home/tezball/projects/forever-home/target/classes/db/migration
2025-12-12 17:22:19.642 DEBUG [        ] o.f.c.i.s.classpath.ClassPathScanner     : Found resource: db/migration/V10__create_vet_signoffs_table.sql
2025-12-12 17:22:19.642 DEBUG [        ] o.f.c.i.s.classpath.ClassPathScanner     : Found resource: db/migration/V11__create_vaccination_records_table.sql
2025-12-12 17:22:19.642 DEBUG [        ] o.f.c.i.s.classpath.ClassPathScanner     : Found resource: db/migration/V12__create_adoption_applications_table.sql
2025-12-12 17:22:19.642 DEBUG [        ] o.f.c.i.s.classpath.ClassPathScanner     : Found resource: db/migration/V13__create_adoptions_table.sql
2025-12-12 17:22:19.642 DEBUG [        ] o.f.c.i.s.classpath.ClassPathScanner     : Found resource: db/migration/V14__create_favorites_table.sql
2025-12-12 17:22:19.642 DEBUG [        ] o.f.c.i.s.classpath.ClassPathScanner     : Found resource: db/migration/V15__create_notifications_table.sql
2025-12-12 17:22:19.642 DEBUG [        ] o.f.c.i.s.classpath.ClassPathScanner     : Found resource: db/migration/V16__restrict_species_to_cats_and_dogs.sql
2025-12-12 17:22:19.642 DEBUG [        ] o.f.c.i.s.classpath.ClassPathScanner     : Found resource: db/migration/V17__create_vet_approvals_table.sql
2025-12-12 17:22:19.642 DEBUG [        ] o.f.c.i.s.classpath.ClassPathScanner     : Found resource: db/migration/V18__create_pet_status_history_table.sql
2025-12-12 17:22:19.642 DEBUG [        ] o.f.c.i.s.classpath.ClassPathScanner     : Found resource: db/migration/V19__create_content_moderation_tables.sql
2025-12-12 17:22:19.642 DEBUG [        ] o.f.c.i.s.classpath.ClassPathScanner     : Found resource: db/migration/V1__create_users_table.sql
2025-12-12 17:22:19.642 DEBUG [        ] o.f.c.i.s.classpath.ClassPathScanner     : Found resource: db/migration/V20__fix_adoption_applications_nullable_columns.sql
2025-12-12 17:22:19.642 DEBUG [        ] o.f.c.i.s.classpath.ClassPathScanner     : Found resource: db/migration/V21__verify_test_rescue_organization.sql
2025-12-12 17:22:19.642 DEBUG [        ] o.f.c.i.s.classpath.ClassPathScanner     : Found resource: db/migration/V2__create_refresh_tokens_table.sql
2025-12-12 17:22:19.642 DEBUG [        ] o.f.c.i.s.classpath.ClassPathScanner     : Found resource: db/migration/V3__create_fosters_table.sql
2025-12-12 17:22:19.642 DEBUG [        ] o.f.c.i.s.classpath.ClassPathScanner     : Found resource: db/migration/V4__create_adopters_table.sql
2025-12-12 17:22:19.642 DEBUG [        ] o.f.c.i.s.classpath.ClassPathScanner     : Found resource: db/migration/V5__create_rescue_organizations_table.sql
2025-12-12 17:22:19.642 DEBUG [        ] o.f.c.i.s.classpath.ClassPathScanner     : Found resource: db/migration/V6__create_vets_table.sql
2025-12-12 17:22:19.642 DEBUG [        ] o.f.c.i.s.classpath.ClassPathScanner     : Found resource: db/migration/V7__create_admins_table.sql
2025-12-12 17:22:19.642 DEBUG [        ] o.f.c.i.s.classpath.ClassPathScanner     : Found resource: db/migration/V8__create_pets_table.sql
2025-12-12 17:22:19.642 DEBUG [        ] o.f.c.i.s.classpath.ClassPathScanner     : Found resource: db/migration/V9__create_pet_images_table.sql
2025-12-12 17:22:19.642 DEBUG [        ] o.f.c.i.s.classpath.ClassPathScanner     : Scanning for classpath resources at 'classpath:db/migration' ...
2025-12-12 17:22:19.642 DEBUG [        ] o.f.c.i.s.classpath.ClassPathScanner     : Determining location urls for classpath:db/migration using ClassLoader org.springframework.boot.devtools.restart.classloader.RestartClassLoader@5bf53dbe ...
2025-12-12 17:22:19.642 DEBUG [        ] o.f.c.i.s.classpath.ClassPathScanner     : Scanning URL: file:/home/tezball/projects/forever-home/target/classes/db/migration
2025-12-12 17:22:19.642 DEBUG [        ] o.f.c.i.s.classpath.ClassPathScanner     : Found resource: db/migration/V10__create_vet_signoffs_table.sql
2025-12-12 17:22:19.642 DEBUG [        ] o.f.c.i.s.classpath.ClassPathScanner     : Found resource: db/migration/V11__create_vaccination_records_table.sql
2025-12-12 17:22:19.642 DEBUG [        ] o.f.c.i.s.classpath.ClassPathScanner     : Found resource: db/migration/V12__create_adoption_applications_table.sql
2025-12-12 17:22:19.642 DEBUG [        ] o.f.c.i.s.classpath.ClassPathScanner     : Found resource: db/migration/V13__create_adoptions_table.sql
2025-12-12 17:22:19.642 DEBUG [        ] o.f.c.i.s.classpath.ClassPathScanner     : Found resource: db/migration/V14__create_favorites_table.sql
2025-12-12 17:22:19.642 DEBUG [        ] o.f.c.i.s.classpath.ClassPathScanner     : Found resource: db/migration/V15__create_notifications_table.sql
2025-12-12 17:22:19.642 DEBUG [        ] o.f.c.i.s.classpath.ClassPathScanner     : Found resource: db/migration/V16__restrict_species_to_cats_and_dogs.sql
2025-12-12 17:22:19.642 DEBUG [        ] o.f.c.i.s.classpath.ClassPathScanner     : Found resource: db/migration/V17__create_vet_approvals_table.sql
2025-12-12 17:22:19.642 DEBUG [        ] o.f.c.i.s.classpath.ClassPathScanner     : Found resource: db/migration/V18__create_pet_status_history_table.sql
2025-12-12 17:22:19.642 DEBUG [        ] o.f.c.i.s.classpath.ClassPathScanner     : Found resource: db/migration/V19__create_content_moderation_tables.sql
2025-12-12 17:22:19.642 DEBUG [        ] o.f.c.i.s.classpath.ClassPathScanner     : Found resource: db/migration/V1__create_users_table.sql
2025-12-12 17:22:19.642 DEBUG [        ] o.f.c.i.s.classpath.ClassPathScanner     : Found resource: db/migration/V20__fix_adoption_applications_nullable_columns.sql
2025-12-12 17:22:19.643 DEBUG [        ] o.f.c.i.s.classpath.ClassPathScanner     : Found resource: db/migration/V21__verify_test_rescue_organization.sql
2025-12-12 17:22:19.643 DEBUG [        ] o.f.c.i.s.classpath.ClassPathScanner     : Found resource: db/migration/V2__create_refresh_tokens_table.sql
2025-12-12 17:22:19.643 DEBUG [        ] o.f.c.i.s.classpath.ClassPathScanner     : Found resource: db/migration/V3__create_fosters_table.sql
2025-12-12 17:22:19.643 DEBUG [        ] o.f.c.i.s.classpath.ClassPathScanner     : Found resource: db/migration/V4__create_adopters_table.sql
2025-12-12 17:22:19.643 DEBUG [        ] o.f.c.i.s.classpath.ClassPathScanner     : Found resource: db/migration/V5__create_rescue_organizations_table.sql
2025-12-12 17:22:19.643 DEBUG [        ] o.f.c.i.s.classpath.ClassPathScanner     : Found resource: db/migration/V6__create_vets_table.sql
2025-12-12 17:22:19.643 DEBUG [        ] o.f.c.i.s.classpath.ClassPathScanner     : Found resource: db/migration/V7__create_admins_table.sql
2025-12-12 17:22:19.643 DEBUG [        ] o.f.c.i.s.classpath.ClassPathScanner     : Found resource: db/migration/V8__create_pets_table.sql
2025-12-12 17:22:19.643 DEBUG [        ] o.f.c.i.s.classpath.ClassPathScanner     : Found resource: db/migration/V9__create_pet_images_table.sql
2025-12-12 17:22:19.643 DEBUG [        ] o.f.c.i.s.classpath.ClassPathScanner     : Scanning for classes at classpath:db/migration
2025-12-12 17:22:19.643 DEBUG [        ] o.f.c.i.resource.ResourceNameValidator   : Validating V21__verify_test_rescue_organization.sql
2025-12-12 17:22:19.643 DEBUG [        ] o.f.c.i.resource.ResourceNameValidator   : Validating V1__create_users_table.sql
2025-12-12 17:22:19.643 DEBUG [        ] o.f.c.i.resource.ResourceNameValidator   : Validating V18__create_pet_status_history_table.sql
2025-12-12 17:22:19.643 DEBUG [        ] o.f.c.i.resource.ResourceNameValidator   : Validating V4__create_adopters_table.sql
2025-12-12 17:22:19.643 DEBUG [        ] o.f.c.i.resource.ResourceNameValidator   : Validating V5__create_rescue_organizations_table.sql
2025-12-12 17:22:19.643 DEBUG [        ] o.f.c.i.resource.ResourceNameValidator   : Validating V6__create_vets_table.sql
2025-12-12 17:22:19.643 DEBUG [        ] o.f.c.i.resource.ResourceNameValidator   : Validating V16__restrict_species_to_cats_and_dogs.sql
2025-12-12 17:22:19.643 DEBUG [        ] o.f.c.i.resource.ResourceNameValidator   : Validating V12__create_adoption_applications_table.sql
2025-12-12 17:22:19.644 DEBUG [        ] o.f.c.i.resource.ResourceNameValidator   : Validating V19__create_content_moderation_tables.sql
2025-12-12 17:22:19.644 DEBUG [        ] o.f.c.i.resource.ResourceNameValidator   : Validating V9__create_pet_images_table.sql
2025-12-12 17:22:19.644 DEBUG [        ] o.f.c.i.resource.ResourceNameValidator   : Validating V8__create_pets_table.sql
2025-12-12 17:22:19.644 DEBUG [        ] o.f.c.i.resource.ResourceNameValidator   : Validating V7__create_admins_table.sql
2025-12-12 17:22:19.644 DEBUG [        ] o.f.c.i.resource.ResourceNameValidator   : Validating V20__fix_adoption_applications_nullable_columns.sql
2025-12-12 17:22:19.644 DEBUG [        ] o.f.c.i.resource.ResourceNameValidator   : Validating V11__create_vaccination_records_table.sql
2025-12-12 17:22:19.644 DEBUG [        ] o.f.c.i.resource.ResourceNameValidator   : Validating V14__create_favorites_table.sql
2025-12-12 17:22:19.644 DEBUG [        ] o.f.c.i.resource.ResourceNameValidator   : Validating V10__create_vet_signoffs_table.sql
2025-12-12 17:22:19.644 DEBUG [        ] o.f.c.i.resource.ResourceNameValidator   : Validating V17__create_vet_approvals_table.sql
2025-12-12 17:22:19.644 DEBUG [        ] o.f.c.i.resource.ResourceNameValidator   : Validating V3__create_fosters_table.sql
2025-12-12 17:22:19.644 DEBUG [        ] o.f.c.i.resource.ResourceNameValidator   : Validating V13__create_adoptions_table.sql
2025-12-12 17:22:19.644 DEBUG [        ] o.f.c.i.resource.ResourceNameValidator   : Validating V15__create_notifications_table.sql
2025-12-12 17:22:19.644 DEBUG [        ] o.f.c.i.resource.ResourceNameValidator   : Validating V2__create_refresh_tokens_table.sql
2025-12-12 17:22:19.644 DEBUG [        ] org.flywaydb.core.FlywayExecutor         : DDL Transactions Supported: true
2025-12-12 17:22:19.644 DEBUG [        ] o.f.c.i.s.SchemaHistoryFactory           : Schemas: 
2025-12-12 17:22:19.644 DEBUG [        ] o.f.c.i.s.SchemaHistoryFactory           : Default schema: null
2025-12-12 17:22:19.646 DEBUG [        ] org.flywaydb.core.FlywayExecutor         : Scanning for script callbacks ...
2025-12-12 17:22:19.646 DEBUG [        ] o.f.c.i.c.SqlScriptCallbackFactory       : Scanning for SQL callbacks ...
2025-12-12 17:22:19.648 DEBUG [        ] o.f.c.a.c.ClassicConfiguration           : CherryPickConfigurationExtension not found
2025-12-12 17:22:19.648 DEBUG [        ] o.f.c.a.c.ClassicConfiguration           : CherryPickConfigurationExtension not found
2025-12-12 17:22:19.649  INFO [        ] o.f.c.i.s.JdbcTableSchemaHistory         : Repair of failed migration in Schema History table "public"."flyway_schema_history" not necessary as table doesn't exist.
2025-12-12 17:22:19.653 DEBUG [        ] o.f.core.internal.scanner.Scanner        : Filtering out resource: db/migration/V21__verify_test_rescue_organization.sql (filename: V21__verify_test_rescue_organization.sql)
2025-12-12 17:22:19.653 DEBUG [        ] o.f.core.internal.scanner.Scanner        : Filtering out resource: db/migration/V1__create_users_table.sql (filename: V1__create_users_table.sql)
2025-12-12 17:22:19.653 DEBUG [        ] o.f.core.internal.scanner.Scanner        : Filtering out resource: db/migration/V18__create_pet_status_history_table.sql (filename: V18__create_pet_status_history_table.sql)
2025-12-12 17:22:19.653 DEBUG [        ] o.f.core.internal.scanner.Scanner        : Filtering out resource: db/migration/V4__create_adopters_table.sql (filename: V4__create_adopters_table.sql)
2025-12-12 17:22:19.653 DEBUG [        ] o.f.core.internal.scanner.Scanner        : Filtering out resource: db/migration/V5__create_rescue_organizations_table.sql (filename: V5__create_rescue_organizations_table.sql)
2025-12-12 17:22:19.653 DEBUG [        ] o.f.core.internal.scanner.Scanner        : Filtering out resource: db/migration/V6__create_vets_table.sql (filename: V6__create_vets_table.sql)
2025-12-12 17:22:19.653 DEBUG [        ] o.f.core.internal.scanner.Scanner        : Filtering out resource: db/migration/V16__restrict_species_to_cats_and_dogs.sql (filename: V16__restrict_species_to_cats_and_dogs.sql)
2025-12-12 17:22:19.653 DEBUG [        ] o.f.core.internal.scanner.Scanner        : Filtering out resource: db/migration/V12__create_adoption_applications_table.sql (filename: V12__create_adoption_applications_table.sql)
2025-12-12 17:22:19.653 DEBUG [        ] o.f.core.internal.scanner.Scanner        : Filtering out resource: db/migration/V19__create_content_moderation_tables.sql (filename: V19__create_content_moderation_tables.sql)
2025-12-12 17:22:19.653 DEBUG [        ] o.f.core.internal.scanner.Scanner        : Filtering out resource: db/migration/V9__create_pet_images_table.sql (filename: V9__create_pet_images_table.sql)
2025-12-12 17:22:19.653 DEBUG [        ] o.f.core.internal.scanner.Scanner        : Filtering out resource: db/migration/V8__create_pets_table.sql (filename: V8__create_pets_table.sql)
2025-12-12 17:22:19.653 DEBUG [        ] o.f.core.internal.scanner.Scanner        : Filtering out resource: db/migration/V7__create_admins_table.sql (filename: V7__create_admins_table.sql)
2025-12-12 17:22:19.653 DEBUG [        ] o.f.core.internal.scanner.Scanner        : Filtering out resource: db/migration/V20__fix_adoption_applications_nullable_columns.sql (filename: V20__fix_adoption_applications_nullable_columns.sql)
2025-12-12 17:22:19.653 DEBUG [        ] o.f.core.internal.scanner.Scanner        : Filtering out resource: db/migration/V11__create_vaccination_records_table.sql (filename: V11__create_vaccination_records_table.sql)
2025-12-12 17:22:19.653 DEBUG [        ] o.f.core.internal.scanner.Scanner        : Filtering out resource: db/migration/V14__create_favorites_table.sql (filename: V14__create_favorites_table.sql)
2025-12-12 17:22:19.653 DEBUG [        ] o.f.core.internal.scanner.Scanner        : Filtering out resource: db/migration/V10__create_vet_signoffs_table.sql (filename: V10__create_vet_signoffs_table.sql)
2025-12-12 17:22:19.653 DEBUG [        ] o.f.core.internal.scanner.Scanner        : Filtering out resource: db/migration/V17__create_vet_approvals_table.sql (filename: V17__create_vet_approvals_table.sql)
2025-12-12 17:22:19.653 DEBUG [        ] o.f.core.internal.scanner.Scanner        : Filtering out resource: db/migration/V3__create_fosters_table.sql (filename: V3__create_fosters_table.sql)
2025-12-12 17:22:19.653 DEBUG [        ] o.f.core.internal.scanner.Scanner        : Filtering out resource: db/migration/V13__create_adoptions_table.sql (filename: V13__create_adoptions_table.sql)
2025-12-12 17:22:19.653 DEBUG [        ] o.f.core.internal.scanner.Scanner        : Filtering out resource: db/migration/V15__create_notifications_table.sql (filename: V15__create_notifications_table.sql)
2025-12-12 17:22:19.653 DEBUG [        ] o.f.core.internal.scanner.Scanner        : Filtering out resource: db/migration/V2__create_refresh_tokens_table.sql (filename: V2__create_refresh_tokens_table.sql)
2025-12-12 17:22:19.653 DEBUG [        ] o.f.core.internal.scanner.Scanner        : Filtering out resource: db/migration/V21__verify_test_rescue_organization.sql (filename: V21__verify_test_rescue_organization.sql)
2025-12-12 17:22:19.654 DEBUG [        ] o.f.core.internal.scanner.Scanner        : Filtering out resource: db/migration/V1__create_users_table.sql (filename: V1__create_users_table.sql)
2025-12-12 17:22:19.654 DEBUG [        ] o.f.core.internal.scanner.Scanner        : Filtering out resource: db/migration/V18__create_pet_status_history_table.sql (filename: V18__create_pet_status_history_table.sql)
2025-12-12 17:22:19.654 DEBUG [        ] o.f.core.internal.scanner.Scanner        : Filtering out resource: db/migration/V4__create_adopters_table.sql (filename: V4__create_adopters_table.sql)
2025-12-12 17:22:19.654 DEBUG [        ] o.f.core.internal.scanner.Scanner        : Filtering out resource: db/migration/V5__create_rescue_organizations_table.sql (filename: V5__create_rescue_organizations_table.sql)
2025-12-12 17:22:19.654 DEBUG [        ] o.f.core.internal.scanner.Scanner        : Filtering out resource: db/migration/V6__create_vets_table.sql (filename: V6__create_vets_table.sql)
2025-12-12 17:22:19.654 DEBUG [        ] o.f.core.internal.scanner.Scanner        : Filtering out resource: db/migration/V16__restrict_species_to_cats_and_dogs.sql (filename: V16__restrict_species_to_cats_and_dogs.sql)
2025-12-12 17:22:19.654 DEBUG [        ] o.f.core.internal.scanner.Scanner        : Filtering out resource: db/migration/V12__create_adoption_applications_table.sql (filename: V12__create_adoption_applications_table.sql)
2025-12-12 17:22:19.654 DEBUG [        ] o.f.core.internal.scanner.Scanner        : Filtering out resource: db/migration/V19__create_content_moderation_tables.sql (filename: V19__create_content_moderation_tables.sql)
2025-12-12 17:22:19.654 DEBUG [        ] o.f.core.internal.scanner.Scanner        : Filtering out resource: db/migration/V9__create_pet_images_table.sql (filename: V9__create_pet_images_table.sql)
2025-12-12 17:22:19.654 DEBUG [        ] o.f.core.internal.scanner.Scanner        : Filtering out resource: db/migration/V8__create_pets_table.sql (filename: V8__create_pets_table.sql)
2025-12-12 17:22:19.654 DEBUG [        ] o.f.core.internal.scanner.Scanner        : Filtering out resource: db/migration/V7__create_admins_table.sql (filename: V7__create_admins_table.sql)
2025-12-12 17:22:19.654 DEBUG [        ] o.f.core.internal.scanner.Scanner        : Filtering out resource: db/migration/V20__fix_adoption_applications_nullable_columns.sql (filename: V20__fix_adoption_applications_nullable_columns.sql)
2025-12-12 17:22:19.654 DEBUG [        ] o.f.core.internal.scanner.Scanner        : Filtering out resource: db/migration/V11__create_vaccination_records_table.sql (filename: V11__create_vaccination_records_table.sql)
2025-12-12 17:22:19.654 DEBUG [        ] o.f.core.internal.scanner.Scanner        : Filtering out resource: db/migration/V14__create_favorites_table.sql (filename: V14__create_favorites_table.sql)
2025-12-12 17:22:19.654 DEBUG [        ] o.f.core.internal.scanner.Scanner        : Filtering out resource: db/migration/V10__create_vet_signoffs_table.sql (filename: V10__create_vet_signoffs_table.sql)
2025-12-12 17:22:19.654 DEBUG [        ] o.f.core.internal.scanner.Scanner        : Filtering out resource: db/migration/V17__create_vet_approvals_table.sql (filename: V17__create_vet_approvals_table.sql)
2025-12-12 17:22:19.654 DEBUG [        ] o.f.core.internal.scanner.Scanner        : Filtering out resource: db/migration/V3__create_fosters_table.sql (filename: V3__create_fosters_table.sql)
2025-12-12 17:22:19.654 DEBUG [        ] o.f.core.internal.scanner.Scanner        : Filtering out resource: db/migration/V13__create_adoptions_table.sql (filename: V13__create_adoptions_table.sql)
2025-12-12 17:22:19.654 DEBUG [        ] o.f.core.internal.scanner.Scanner        : Filtering out resource: db/migration/V15__create_notifications_table.sql (filename: V15__create_notifications_table.sql)
2025-12-12 17:22:19.654 DEBUG [        ] o.f.core.internal.scanner.Scanner        : Filtering out resource: db/migration/V2__create_refresh_tokens_table.sql (filename: V2__create_refresh_tokens_table.sql)
2025-12-12 17:22:19.654 DEBUG [        ] o.f.core.internal.scanner.Scanner        : Filtering out resource: db/migration/V21__verify_test_rescue_organization.sql (filename: V21__verify_test_rescue_organization.sql)
2025-12-12 17:22:19.654 DEBUG [        ] o.f.core.internal.scanner.Scanner        : Filtering out resource: db/migration/V1__create_users_table.sql (filename: V1__create_users_table.sql)
2025-12-12 17:22:19.654 DEBUG [        ] o.f.core.internal.scanner.Scanner        : Filtering out resource: db/migration/V18__create_pet_status_history_table.sql (filename: V18__create_pet_status_history_table.sql)
2025-12-12 17:22:19.654 DEBUG [        ] o.f.core.internal.scanner.Scanner        : Filtering out resource: db/migration/V4__create_adopters_table.sql (filename: V4__create_adopters_table.sql)
2025-12-12 17:22:19.654 DEBUG [        ] o.f.core.internal.scanner.Scanner        : Filtering out resource: db/migration/V5__create_rescue_organizations_table.sql (filename: V5__create_rescue_organizations_table.sql)
2025-12-12 17:22:19.654 DEBUG [        ] o.f.core.internal.scanner.Scanner        : Filtering out resource: db/migration/V6__create_vets_table.sql (filename: V6__create_vets_table.sql)
2025-12-12 17:22:19.654 DEBUG [        ] o.f.core.internal.scanner.Scanner        : Filtering out resource: db/migration/V16__restrict_species_to_cats_and_dogs.sql (filename: V16__restrict_species_to_cats_and_dogs.sql)
2025-12-12 17:22:19.654 DEBUG [        ] o.f.core.internal.scanner.Scanner        : Filtering out resource: db/migration/V12__create_adoption_applications_table.sql (filename: V12__create_adoption_applications_table.sql)
2025-12-12 17:22:19.654 DEBUG [        ] o.f.core.internal.scanner.Scanner        : Filtering out resource: db/migration/V19__create_content_moderation_tables.sql (filename: V19__create_content_moderation_tables.sql)
2025-12-12 17:22:19.654 DEBUG [        ] o.f.core.internal.scanner.Scanner        : Filtering out resource: db/migration/V9__create_pet_images_table.sql (filename: V9__create_pet_images_table.sql)
2025-12-12 17:22:19.654 DEBUG [        ] o.f.core.internal.scanner.Scanner        : Filtering out resource: db/migration/V8__create_pets_table.sql (filename: V8__create_pets_table.sql)
2025-12-12 17:22:19.654 DEBUG [        ] o.f.core.internal.scanner.Scanner        : Filtering out resource: db/migration/V7__create_admins_table.sql (filename: V7__create_admins_table.sql)
2025-12-12 17:22:19.654 DEBUG [        ] o.f.core.internal.scanner.Scanner        : Filtering out resource: db/migration/V20__fix_adoption_applications_nullable_columns.sql (filename: V20__fix_adoption_applications_nullable_columns.sql)
2025-12-12 17:22:19.654 DEBUG [        ] o.f.core.internal.scanner.Scanner        : Filtering out resource: db/migration/V11__create_vaccination_records_table.sql (filename: V11__create_vaccination_records_table.sql)
2025-12-12 17:22:19.654 DEBUG [        ] o.f.core.internal.scanner.Scanner        : Filtering out resource: db/migration/V14__create_favorites_table.sql (filename: V14__create_favorites_table.sql)
2025-12-12 17:22:19.654 DEBUG [        ] o.f.core.internal.scanner.Scanner        : Filtering out resource: db/migration/V10__create_vet_signoffs_table.sql (filename: V10__create_vet_signoffs_table.sql)
2025-12-12 17:22:19.654 DEBUG [        ] o.f.core.internal.scanner.Scanner        : Filtering out resource: db/migration/V17__create_vet_approvals_table.sql (filename: V17__create_vet_approvals_table.sql)
2025-12-12 17:22:19.654 DEBUG [        ] o.f.core.internal.scanner.Scanner        : Filtering out resource: db/migration/V3__create_fosters_table.sql (filename: V3__create_fosters_table.sql)
2025-12-12 17:22:19.654 DEBUG [        ] o.f.core.internal.scanner.Scanner        : Filtering out resource: db/migration/V13__create_adoptions_table.sql (filename: V13__create_adoptions_table.sql)
2025-12-12 17:22:19.654 DEBUG [        ] o.f.core.internal.scanner.Scanner        : Filtering out resource: db/migration/V15__create_notifications_table.sql (filename: V15__create_notifications_table.sql)
2025-12-12 17:22:19.655 DEBUG [        ] o.f.core.internal.scanner.Scanner        : Filtering out resource: db/migration/V2__create_refresh_tokens_table.sql (filename: V2__create_refresh_tokens_table.sql)
2025-12-12 17:22:19.655 DEBUG [        ] o.f.core.internal.scanner.Scanner        : Filtering out resource: db/migration/V21__verify_test_rescue_organization.sql (filename: V21__verify_test_rescue_organization.sql)
2025-12-12 17:22:19.655 DEBUG [        ] o.f.core.internal.scanner.Scanner        : Filtering out resource: db/migration/V1__create_users_table.sql (filename: V1__create_users_table.sql)
2025-12-12 17:22:19.655 DEBUG [        ] o.f.core.internal.scanner.Scanner        : Filtering out resource: db/migration/V18__create_pet_status_history_table.sql (filename: V18__create_pet_status_history_table.sql)
2025-12-12 17:22:19.655 DEBUG [        ] o.f.core.internal.scanner.Scanner        : Filtering out resource: db/migration/V4__create_adopters_table.sql (filename: V4__create_adopters_table.sql)
2025-12-12 17:22:19.655 DEBUG [        ] o.f.core.internal.scanner.Scanner        : Filtering out resource: db/migration/V5__create_rescue_organizations_table.sql (filename: V5__create_rescue_organizations_table.sql)
2025-12-12 17:22:19.655 DEBUG [        ] o.f.core.internal.scanner.Scanner        : Filtering out resource: db/migration/V6__create_vets_table.sql (filename: V6__create_vets_table.sql)
2025-12-12 17:22:19.655 DEBUG [        ] o.f.core.internal.scanner.Scanner        : Filtering out resource: db/migration/V16__restrict_species_to_cats_and_dogs.sql (filename: V16__restrict_species_to_cats_and_dogs.sql)
2025-12-12 17:22:19.655 DEBUG [        ] o.f.core.internal.scanner.Scanner        : Filtering out resource: db/migration/V12__create_adoption_applications_table.sql (filename: V12__create_adoption_applications_table.sql)
2025-12-12 17:22:19.655 DEBUG [        ] o.f.core.internal.scanner.Scanner        : Filtering out resource: db/migration/V19__create_content_moderation_tables.sql (filename: V19__create_content_moderation_tables.sql)
2025-12-12 17:22:19.655 DEBUG [        ] o.f.core.internal.scanner.Scanner        : Filtering out resource: db/migration/V9__create_pet_images_table.sql (filename: V9__create_pet_images_table.sql)
2025-12-12 17:22:19.655 DEBUG [        ] o.f.core.internal.scanner.Scanner        : Filtering out resource: db/migration/V8__create_pets_table.sql (filename: V8__create_pets_table.sql)
2025-12-12 17:22:19.655 DEBUG [        ] o.f.core.internal.scanner.Scanner        : Filtering out resource: db/migration/V7__create_admins_table.sql (filename: V7__create_admins_table.sql)
2025-12-12 17:22:19.655 DEBUG [        ] o.f.core.internal.scanner.Scanner        : Filtering out resource: db/migration/V20__fix_adoption_applications_nullable_columns.sql (filename: V20__fix_adoption_applications_nullable_columns.sql)
2025-12-12 17:22:19.655 DEBUG [        ] o.f.core.internal.scanner.Scanner        : Filtering out resource: db/migration/V11__create_vaccination_records_table.sql (filename: V11__create_vaccination_records_table.sql)
2025-12-12 17:22:19.655 DEBUG [        ] o.f.core.internal.scanner.Scanner        : Filtering out resource: db/migration/V14__create_favorites_table.sql (filename: V14__create_favorites_table.sql)
2025-12-12 17:22:19.655 DEBUG [        ] o.f.core.internal.scanner.Scanner        : Filtering out resource: db/migration/V10__create_vet_signoffs_table.sql (filename: V10__create_vet_signoffs_table.sql)
2025-12-12 17:22:19.655 DEBUG [        ] o.f.core.internal.scanner.Scanner        : Filtering out resource: db/migration/V17__create_vet_approvals_table.sql (filename: V17__create_vet_approvals_table.sql)
2025-12-12 17:22:19.655 DEBUG [        ] o.f.core.internal.scanner.Scanner        : Filtering out resource: db/migration/V3__create_fosters_table.sql (filename: V3__create_fosters_table.sql)
2025-12-12 17:22:19.655 DEBUG [        ] o.f.core.internal.scanner.Scanner        : Filtering out resource: db/migration/V13__create_adoptions_table.sql (filename: V13__create_adoptions_table.sql)
2025-12-12 17:22:19.655 DEBUG [        ] o.f.core.internal.scanner.Scanner        : Filtering out resource: db/migration/V15__create_notifications_table.sql (filename: V15__create_notifications_table.sql)
2025-12-12 17:22:19.655 DEBUG [        ] o.f.core.internal.scanner.Scanner        : Filtering out resource: db/migration/V2__create_refresh_tokens_table.sql (filename: V2__create_refresh_tokens_table.sql)
2025-12-12 17:22:19.656  INFO [        ] o.f.c.i.s.JdbcTableSchemaHistory         : Schema history table "public"."flyway_schema_history" does not exist yet
2025-12-12 17:22:19.658  INFO [        ] o.f.core.internal.command.DbRepair       : Successfully repaired schema history table "public"."flyway_schema_history" (execution time 00:00.009s).
2025-12-12 17:22:19.660 DEBUG [        ] org.flywaydb.core.FlywayExecutor         : Memory usage: 100 of 136M
2025-12-12 17:22:19.660  INFO [        ] c.e.f.config.FlywayMigrationRunner       : Flyway repair completed
2025-12-12 17:22:19.660  INFO [        ] c.e.f.config.FlywayMigrationRunner       : Running Flyway migrations...
2025-12-12 17:22:19.661 DEBUG [        ] o.f.c.i.s.classpath.ClassPathScanner     : Scanning for classpath resources at 'classpath:db/migration' ...
2025-12-12 17:22:19.661 DEBUG [        ] o.f.c.i.s.classpath.ClassPathScanner     : Determining location urls for classpath:db/migration using ClassLoader org.springframework.boot.devtools.restart.classloader.RestartClassLoader@5bf53dbe ...
2025-12-12 17:22:19.661 DEBUG [        ] o.f.c.i.s.classpath.ClassPathScanner     : Scanning URL: file:/home/tezball/projects/forever-home/target/classes/db/migration
2025-12-12 17:22:19.661 DEBUG [        ] o.f.c.i.s.classpath.ClassPathScanner     : Found resource: db/migration/V10__create_vet_signoffs_table.sql
2025-12-12 17:22:19.661 DEBUG [        ] o.f.c.i.s.classpath.ClassPathScanner     : Found resource: db/migration/V11__create_vaccination_records_table.sql
2025-12-12 17:22:19.661 DEBUG [        ] o.f.c.i.s.classpath.ClassPathScanner     : Found resource: db/migration/V12__create_adoption_applications_table.sql
2025-12-12 17:22:19.661 DEBUG [        ] o.f.c.i.s.classpath.ClassPathScanner     : Found resource: db/migration/V13__create_adoptions_table.sql
2025-12-12 17:22:19.661 DEBUG [        ] o.f.c.i.s.classpath.ClassPathScanner     : Found resource: db/migration/V14__create_favorites_table.sql
2025-12-12 17:22:19.661 DEBUG [        ] o.f.c.i.s.classpath.ClassPathScanner     : Found resource: db/migration/V15__create_notifications_table.sql
2025-12-12 17:22:19.661 DEBUG [        ] o.f.c.i.s.classpath.ClassPathScanner     : Found resource: db/migration/V16__restrict_species_to_cats_and_dogs.sql
2025-12-12 17:22:19.661 DEBUG [        ] o.f.c.i.s.classpath.ClassPathScanner     : Found resource: db/migration/V17__create_vet_approvals_table.sql
2025-12-12 17:22:19.661 DEBUG [        ] o.f.c.i.s.classpath.ClassPathScanner     : Found resource: db/migration/V18__create_pet_status_history_table.sql
2025-12-12 17:22:19.661 DEBUG [        ] o.f.c.i.s.classpath.ClassPathScanner     : Found resource: db/migration/V19__create_content_moderation_tables.sql
2025-12-12 17:22:19.661 DEBUG [        ] o.f.c.i.s.classpath.ClassPathScanner     : Found resource: db/migration/V1__create_users_table.sql
2025-12-12 17:22:19.661 DEBUG [        ] o.f.c.i.s.classpath.ClassPathScanner     : Found resource: db/migration/V20__fix_adoption_applications_nullable_columns.sql
2025-12-12 17:22:19.661 DEBUG [        ] o.f.c.i.s.classpath.ClassPathScanner     : Found resource: db/migration/V21__verify_test_rescue_organization.sql
2025-12-12 17:22:19.661 DEBUG [        ] o.f.c.i.s.classpath.ClassPathScanner     : Found resource: db/migration/V2__create_refresh_tokens_table.sql
2025-12-12 17:22:19.661 DEBUG [        ] o.f.c.i.s.classpath.ClassPathScanner     : Found resource: db/migration/V3__create_fosters_table.sql
2025-12-12 17:22:19.661 DEBUG [        ] o.f.c.i.s.classpath.ClassPathScanner     : Found resource: db/migration/V4__create_adopters_table.sql
2025-12-12 17:22:19.661 DEBUG [        ] o.f.c.i.s.classpath.ClassPathScanner     : Found resource: db/migration/V5__create_rescue_organizations_table.sql
2025-12-12 17:22:19.661 DEBUG [        ] o.f.c.i.s.classpath.ClassPathScanner     : Found resource: db/migration/V6__create_vets_table.sql
2025-12-12 17:22:19.661 DEBUG [        ] o.f.c.i.s.classpath.ClassPathScanner     : Found resource: db/migration/V7__create_admins_table.sql
2025-12-12 17:22:19.661 DEBUG [        ] o.f.c.i.s.classpath.ClassPathScanner     : Found resource: db/migration/V8__create_pets_table.sql
2025-12-12 17:22:19.661 DEBUG [        ] o.f.c.i.s.classpath.ClassPathScanner     : Found resource: db/migration/V9__create_pet_images_table.sql
2025-12-12 17:22:19.661 DEBUG [        ] o.f.c.i.s.classpath.ClassPathScanner     : Scanning for classpath resources at 'classpath:db/migration' ...
2025-12-12 17:22:19.661 DEBUG [        ] o.f.c.i.s.classpath.ClassPathScanner     : Determining location urls for classpath:db/migration using ClassLoader org.springframework.boot.devtools.restart.classloader.RestartClassLoader@5bf53dbe ...
2025-12-12 17:22:19.661 DEBUG [        ] o.f.c.i.s.classpath.ClassPathScanner     : Scanning URL: file:/home/tezball/projects/forever-home/target/classes/db/migration
2025-12-12 17:22:19.661 DEBUG [        ] o.f.c.i.s.classpath.ClassPathScanner     : Found resource: db/migration/V10__create_vet_signoffs_table.sql
2025-12-12 17:22:19.661 DEBUG [        ] o.f.c.i.s.classpath.ClassPathScanner     : Found resource: db/migration/V11__create_vaccination_records_table.sql
2025-12-12 17:22:19.661 DEBUG [        ] o.f.c.i.s.classpath.ClassPathScanner     : Found resource: db/migration/V12__create_adoption_applications_table.sql
2025-12-12 17:22:19.661 DEBUG [        ] o.f.c.i.s.classpath.ClassPathScanner     : Found resource: db/migration/V13__create_adoptions_table.sql
2025-12-12 17:22:19.661 DEBUG [        ] o.f.c.i.s.classpath.ClassPathScanner     : Found resource: db/migration/V14__create_favorites_table.sql
2025-12-12 17:22:19.661 DEBUG [        ] o.f.c.i.s.classpath.ClassPathScanner     : Found resource: db/migration/V15__create_notifications_table.sql
2025-12-12 17:22:19.661 DEBUG [        ] o.f.c.i.s.classpath.ClassPathScanner     : Found resource: db/migration/V16__restrict_species_to_cats_and_dogs.sql
2025-12-12 17:22:19.661 DEBUG [        ] o.f.c.i.s.classpath.ClassPathScanner     : Found resource: db/migration/V17__create_vet_approvals_table.sql
2025-12-12 17:22:19.661 DEBUG [        ] o.f.c.i.s.classpath.ClassPathScanner     : Found resource: db/migration/V18__create_pet_status_history_table.sql
2025-12-12 17:22:19.661 DEBUG [        ] o.f.c.i.s.classpath.ClassPathScanner     : Found resource: db/migration/V19__create_content_moderation_tables.sql
2025-12-12 17:22:19.661 DEBUG [        ] o.f.c.i.s.classpath.ClassPathScanner     : Found resource: db/migration/V1__create_users_table.sql
2025-12-12 17:22:19.661 DEBUG [        ] o.f.c.i.s.classpath.ClassPathScanner     : Found resource: db/migration/V20__fix_adoption_applications_nullable_columns.sql
2025-12-12 17:22:19.661 DEBUG [        ] o.f.c.i.s.classpath.ClassPathScanner     : Found resource: db/migration/V21__verify_test_rescue_organization.sql
2025-12-12 17:22:19.661 DEBUG [        ] o.f.c.i.s.classpath.ClassPathScanner     : Found resource: db/migration/V2__create_refresh_tokens_table.sql
2025-12-12 17:22:19.661 DEBUG [        ] o.f.c.i.s.classpath.ClassPathScanner     : Found resource: db/migration/V3__create_fosters_table.sql
2025-12-12 17:22:19.661 DEBUG [        ] o.f.c.i.s.classpath.ClassPathScanner     : Found resource: db/migration/V4__create_adopters_table.sql
2025-12-12 17:22:19.661 DEBUG [        ] o.f.c.i.s.classpath.ClassPathScanner     : Found resource: db/migration/V5__create_rescue_organizations_table.sql
2025-12-12 17:22:19.661 DEBUG [        ] o.f.c.i.s.classpath.ClassPathScanner     : Found resource: db/migration/V6__create_vets_table.sql
2025-12-12 17:22:19.661 DEBUG [        ] o.f.c.i.s.classpath.ClassPathScanner     : Found resource: db/migration/V7__create_admins_table.sql
2025-12-12 17:22:19.661 DEBUG [        ] o.f.c.i.s.classpath.ClassPathScanner     : Found resource: db/migration/V8__create_pets_table.sql
2025-12-12 17:22:19.661 DEBUG [        ] o.f.c.i.s.classpath.ClassPathScanner     : Found resource: db/migration/V9__create_pet_images_table.sql
2025-12-12 17:22:19.661 DEBUG [        ] o.f.c.i.s.classpath.ClassPathScanner     : Scanning for classes at classpath:db/migration
2025-12-12 17:22:19.661 DEBUG [        ] o.f.c.i.resource.ResourceNameValidator   : Validating V21__verify_test_rescue_organization.sql
2025-12-12 17:22:19.661 DEBUG [        ] o.f.c.i.resource.ResourceNameValidator   : Validating V1__create_users_table.sql
2025-12-12 17:22:19.661 DEBUG [        ] o.f.c.i.resource.ResourceNameValidator   : Validating V18__create_pet_status_history_table.sql
2025-12-12 17:22:19.661 DEBUG [        ] o.f.c.i.resource.ResourceNameValidator   : Validating V4__create_adopters_table.sql
2025-12-12 17:22:19.661 DEBUG [        ] o.f.c.i.resource.ResourceNameValidator   : Validating V5__create_rescue_organizations_table.sql
2025-12-12 17:22:19.661 DEBUG [        ] o.f.c.i.resource.ResourceNameValidator   : Validating V6__create_vets_table.sql
2025-12-12 17:22:19.661 DEBUG [        ] o.f.c.i.resource.ResourceNameValidator   : Validating V16__restrict_species_to_cats_and_dogs.sql
2025-12-12 17:22:19.661 DEBUG [        ] o.f.c.i.resource.ResourceNameValidator   : Validating V12__create_adoption_applications_table.sql
2025-12-12 17:22:19.661 DEBUG [        ] o.f.c.i.resource.ResourceNameValidator   : Validating V19__create_content_moderation_tables.sql
2025-12-12 17:22:19.661 DEBUG [        ] o.f.c.i.resource.ResourceNameValidator   : Validating V9__create_pet_images_table.sql
2025-12-12 17:22:19.661 DEBUG [        ] o.f.c.i.resource.ResourceNameValidator   : Validating V8__create_pets_table.sql
2025-12-12 17:22:19.661 DEBUG [        ] o.f.c.i.resource.ResourceNameValidator   : Validating V7__create_admins_table.sql
2025-12-12 17:22:19.661 DEBUG [        ] o.f.c.i.resource.ResourceNameValidator   : Validating V20__fix_adoption_applications_nullable_columns.sql
2025-12-12 17:22:19.661 DEBUG [        ] o.f.c.i.resource.ResourceNameValidator   : Validating V11__create_vaccination_records_table.sql
2025-12-12 17:22:19.661 DEBUG [        ] o.f.c.i.resource.ResourceNameValidator   : Validating V14__create_favorites_table.sql
2025-12-12 17:22:19.661 DEBUG [        ] o.f.c.i.resource.ResourceNameValidator   : Validating V10__create_vet_signoffs_table.sql
2025-12-12 17:22:19.661 DEBUG [        ] o.f.c.i.resource.ResourceNameValidator   : Validating V17__create_vet_approvals_table.sql
2025-12-12 17:22:19.661 DEBUG [        ] o.f.c.i.resource.ResourceNameValidator   : Validating V3__create_fosters_table.sql
2025-12-12 17:22:19.661 DEBUG [        ] o.f.c.i.resource.ResourceNameValidator   : Validating V13__create_adoptions_table.sql
2025-12-12 17:22:19.661 DEBUG [        ] o.f.c.i.resource.ResourceNameValidator   : Validating V15__create_notifications_table.sql
2025-12-12 17:22:19.661 DEBUG [        ] o.f.c.i.resource.ResourceNameValidator   : Validating V2__create_refresh_tokens_table.sql
2025-12-12 17:22:19.661 DEBUG [        ] org.flywaydb.core.FlywayExecutor         : DDL Transactions Supported: true
2025-12-12 17:22:19.661 DEBUG [        ] o.f.c.i.s.SchemaHistoryFactory           : Schemas: 
2025-12-12 17:22:19.661 DEBUG [        ] o.f.c.i.s.SchemaHistoryFactory           : Default schema: null
2025-12-12 17:22:19.663 DEBUG [        ] org.flywaydb.core.FlywayExecutor         : Scanning for script callbacks ...
2025-12-12 17:22:19.663 DEBUG [        ] o.f.c.i.c.SqlScriptCallbackFactory       : Scanning for SQL callbacks ...
2025-12-12 17:22:19.664 DEBUG [        ] o.f.core.internal.command.DbValidate     : Validating migrations ...
2025-12-12 17:22:19.664 DEBUG [        ] o.f.c.a.c.ClassicConfiguration           : CherryPickConfigurationExtension not found
2025-12-12 17:22:19.665 DEBUG [        ] o.f.core.internal.scanner.Scanner        : Filtering out resource: db/migration/V21__verify_test_rescue_organization.sql (filename: V21__verify_test_rescue_organization.sql)
2025-12-12 17:22:19.665 DEBUG [        ] o.f.core.internal.scanner.Scanner        : Filtering out resource: db/migration/V1__create_users_table.sql (filename: V1__create_users_table.sql)
2025-12-12 17:22:19.665 DEBUG [        ] o.f.core.internal.scanner.Scanner        : Filtering out resource: db/migration/V18__create_pet_status_history_table.sql (filename: V18__create_pet_status_history_table.sql)
2025-12-12 17:22:19.665 DEBUG [        ] o.f.core.internal.scanner.Scanner        : Filtering out resource: db/migration/V4__create_adopters_table.sql (filename: V4__create_adopters_table.sql)
2025-12-12 17:22:19.665 DEBUG [        ] o.f.core.internal.scanner.Scanner        : Filtering out resource: db/migration/V5__create_rescue_organizations_table.sql (filename: V5__create_rescue_organizations_table.sql)
2025-12-12 17:22:19.665 DEBUG [        ] o.f.core.internal.scanner.Scanner        : Filtering out resource: db/migration/V6__create_vets_table.sql (filename: V6__create_vets_table.sql)
2025-12-12 17:22:19.665 DEBUG [        ] o.f.core.internal.scanner.Scanner        : Filtering out resource: db/migration/V16__restrict_species_to_cats_and_dogs.sql (filename: V16__restrict_species_to_cats_and_dogs.sql)
2025-12-12 17:22:19.665 DEBUG [        ] o.f.core.internal.scanner.Scanner        : Filtering out resource: db/migration/V12__create_adoption_applications_table.sql (filename: V12__create_adoption_applications_table.sql)
2025-12-12 17:22:19.665 DEBUG [        ] o.f.core.internal.scanner.Scanner        : Filtering out resource: db/migration/V19__create_content_moderation_tables.sql (filename: V19__create_content_moderation_tables.sql)
2025-12-12 17:22:19.665 DEBUG [        ] o.f.core.internal.scanner.Scanner        : Filtering out resource: db/migration/V9__create_pet_images_table.sql (filename: V9__create_pet_images_table.sql)
2025-12-12 17:22:19.665 DEBUG [        ] o.f.core.internal.scanner.Scanner        : Filtering out resource: db/migration/V8__create_pets_table.sql (filename: V8__create_pets_table.sql)
2025-12-12 17:22:19.665 DEBUG [        ] o.f.core.internal.scanner.Scanner        : Filtering out resource: db/migration/V7__create_admins_table.sql (filename: V7__create_admins_table.sql)
2025-12-12 17:22:19.665 DEBUG [        ] o.f.core.internal.scanner.Scanner        : Filtering out resource: db/migration/V20__fix_adoption_applications_nullable_columns.sql (filename: V20__fix_adoption_applications_nullable_columns.sql)
2025-12-12 17:22:19.665 DEBUG [        ] o.f.core.internal.scanner.Scanner        : Filtering out resource: db/migration/V11__create_vaccination_records_table.sql (filename: V11__create_vaccination_records_table.sql)
2025-12-12 17:22:19.665 DEBUG [        ] o.f.core.internal.scanner.Scanner        : Filtering out resource: db/migration/V14__create_favorites_table.sql (filename: V14__create_favorites_table.sql)
2025-12-12 17:22:19.665 DEBUG [        ] o.f.core.internal.scanner.Scanner        : Filtering out resource: db/migration/V10__create_vet_signoffs_table.sql (filename: V10__create_vet_signoffs_table.sql)
2025-12-12 17:22:19.665 DEBUG [        ] o.f.core.internal.scanner.Scanner        : Filtering out resource: db/migration/V17__create_vet_approvals_table.sql (filename: V17__create_vet_approvals_table.sql)
2025-12-12 17:22:19.665 DEBUG [        ] o.f.core.internal.scanner.Scanner        : Filtering out resource: db/migration/V3__create_fosters_table.sql (filename: V3__create_fosters_table.sql)
2025-12-12 17:22:19.665 DEBUG [        ] o.f.core.internal.scanner.Scanner        : Filtering out resource: db/migration/V13__create_adoptions_table.sql (filename: V13__create_adoptions_table.sql)
2025-12-12 17:22:19.665 DEBUG [        ] o.f.core.internal.scanner.Scanner        : Filtering out resource: db/migration/V15__create_notifications_table.sql (filename: V15__create_notifications_table.sql)
2025-12-12 17:22:19.665 DEBUG [        ] o.f.core.internal.scanner.Scanner        : Filtering out resource: db/migration/V2__create_refresh_tokens_table.sql (filename: V2__create_refresh_tokens_table.sql)
2025-12-12 17:22:19.665 DEBUG [        ] o.f.core.internal.scanner.Scanner        : Filtering out resource: db/migration/V21__verify_test_rescue_organization.sql (filename: V21__verify_test_rescue_organization.sql)
2025-12-12 17:22:19.665 DEBUG [        ] o.f.core.internal.scanner.Scanner        : Filtering out resource: db/migration/V1__create_users_table.sql (filename: V1__create_users_table.sql)
2025-12-12 17:22:19.665 DEBUG [        ] o.f.core.internal.scanner.Scanner        : Filtering out resource: db/migration/V18__create_pet_status_history_table.sql (filename: V18__create_pet_status_history_table.sql)
2025-12-12 17:22:19.665 DEBUG [        ] o.f.core.internal.scanner.Scanner        : Filtering out resource: db/migration/V4__create_adopters_table.sql (filename: V4__create_adopters_table.sql)
2025-12-12 17:22:19.666 DEBUG [        ] o.f.core.internal.scanner.Scanner        : Filtering out resource: db/migration/V5__create_rescue_organizations_table.sql (filename: V5__create_rescue_organizations_table.sql)
2025-12-12 17:22:19.666 DEBUG [        ] o.f.core.internal.scanner.Scanner        : Filtering out resource: db/migration/V6__create_vets_table.sql (filename: V6__create_vets_table.sql)
2025-12-12 17:22:19.666 DEBUG [        ] o.f.core.internal.scanner.Scanner        : Filtering out resource: db/migration/V16__restrict_species_to_cats_and_dogs.sql (filename: V16__restrict_species_to_cats_and_dogs.sql)
2025-12-12 17:22:19.666 DEBUG [        ] o.f.core.internal.scanner.Scanner        : Filtering out resource: db/migration/V12__create_adoption_applications_table.sql (filename: V12__create_adoption_applications_table.sql)
2025-12-12 17:22:19.666 DEBUG [        ] o.f.core.internal.scanner.Scanner        : Filtering out resource: db/migration/V19__create_content_moderation_tables.sql (filename: V19__create_content_moderation_tables.sql)
2025-12-12 17:22:19.666 DEBUG [        ] o.f.core.internal.scanner.Scanner        : Filtering out resource: db/migration/V9__create_pet_images_table.sql (filename: V9__create_pet_images_table.sql)
2025-12-12 17:22:19.666 DEBUG [        ] o.f.core.internal.scanner.Scanner        : Filtering out resource: db/migration/V8__create_pets_table.sql (filename: V8__create_pets_table.sql)
2025-12-12 17:22:19.666 DEBUG [        ] o.f.core.internal.scanner.Scanner        : Filtering out resource: db/migration/V7__create_admins_table.sql (filename: V7__create_admins_table.sql)
2025-12-12 17:22:19.666 DEBUG [        ] o.f.core.internal.scanner.Scanner        : Filtering out resource: db/migration/V20__fix_adoption_applications_nullable_columns.sql (filename: V20__fix_adoption_applications_nullable_columns.sql)
2025-12-12 17:22:19.666 DEBUG [        ] o.f.core.internal.scanner.Scanner        : Filtering out resource: db/migration/V11__create_vaccination_records_table.sql (filename: V11__create_vaccination_records_table.sql)
2025-12-12 17:22:19.666 DEBUG [        ] o.f.core.internal.scanner.Scanner        : Filtering out resource: db/migration/V14__create_favorites_table.sql (filename: V14__create_favorites_table.sql)
2025-12-12 17:22:19.666 DEBUG [        ] o.f.core.internal.scanner.Scanner        : Filtering out resource: db/migration/V10__create_vet_signoffs_table.sql (filename: V10__create_vet_signoffs_table.sql)
2025-12-12 17:22:19.666 DEBUG [        ] o.f.core.internal.scanner.Scanner        : Filtering out resource: db/migration/V17__create_vet_approvals_table.sql (filename: V17__create_vet_approvals_table.sql)
2025-12-12 17:22:19.666 DEBUG [        ] o.f.core.internal.scanner.Scanner        : Filtering out resource: db/migration/V3__create_fosters_table.sql (filename: V3__create_fosters_table.sql)
2025-12-12 17:22:19.666 DEBUG [        ] o.f.core.internal.scanner.Scanner        : Filtering out resource: db/migration/V13__create_adoptions_table.sql (filename: V13__create_adoptions_table.sql)
2025-12-12 17:22:19.666 DEBUG [        ] o.f.core.internal.scanner.Scanner        : Filtering out resource: db/migration/V15__create_notifications_table.sql (filename: V15__create_notifications_table.sql)
2025-12-12 17:22:19.666 DEBUG [        ] o.f.core.internal.scanner.Scanner        : Filtering out resource: db/migration/V2__create_refresh_tokens_table.sql (filename: V2__create_refresh_tokens_table.sql)
2025-12-12 17:22:19.666 DEBUG [        ] o.f.core.internal.scanner.Scanner        : Filtering out resource: db/migration/V21__verify_test_rescue_organization.sql (filename: V21__verify_test_rescue_organization.sql)
2025-12-12 17:22:19.666 DEBUG [        ] o.f.core.internal.scanner.Scanner        : Filtering out resource: db/migration/V1__create_users_table.sql (filename: V1__create_users_table.sql)
2025-12-12 17:22:19.666 DEBUG [        ] o.f.core.internal.scanner.Scanner        : Filtering out resource: db/migration/V18__create_pet_status_history_table.sql (filename: V18__create_pet_status_history_table.sql)
2025-12-12 17:22:19.666 DEBUG [        ] o.f.core.internal.scanner.Scanner        : Filtering out resource: db/migration/V4__create_adopters_table.sql (filename: V4__create_adopters_table.sql)
2025-12-12 17:22:19.666 DEBUG [        ] o.f.core.internal.scanner.Scanner        : Filtering out resource: db/migration/V5__create_rescue_organizations_table.sql (filename: V5__create_rescue_organizations_table.sql)
2025-12-12 17:22:19.666 DEBUG [        ] o.f.core.internal.scanner.Scanner        : Filtering out resource: db/migration/V6__create_vets_table.sql (filename: V6__create_vets_table.sql)
2025-12-12 17:22:19.666 DEBUG [        ] o.f.core.internal.scanner.Scanner        : Filtering out resource: db/migration/V16__restrict_species_to_cats_and_dogs.sql (filename: V16__restrict_species_to_cats_and_dogs.sql)
2025-12-12 17:22:19.666 DEBUG [        ] o.f.core.internal.scanner.Scanner        : Filtering out resource: db/migration/V12__create_adoption_applications_table.sql (filename: V12__create_adoption_applications_table.sql)
2025-12-12 17:22:19.666 DEBUG [        ] o.f.core.internal.scanner.Scanner        : Filtering out resource: db/migration/V19__create_content_moderation_tables.sql (filename: V19__create_content_moderation_tables.sql)
2025-12-12 17:22:19.666 DEBUG [        ] o.f.core.internal.scanner.Scanner        : Filtering out resource: db/migration/V9__create_pet_images_table.sql (filename: V9__create_pet_images_table.sql)
2025-12-12 17:22:19.666 DEBUG [        ] o.f.core.internal.scanner.Scanner        : Filtering out resource: db/migration/V8__create_pets_table.sql (filename: V8__create_pets_table.sql)
2025-12-12 17:22:19.666 DEBUG [        ] o.f.core.internal.scanner.Scanner        : Filtering out resource: db/migration/V7__create_admins_table.sql (filename: V7__create_admins_table.sql)
2025-12-12 17:22:19.666 DEBUG [        ] o.f.core.internal.scanner.Scanner        : Filtering out resource: db/migration/V20__fix_adoption_applications_nullable_columns.sql (filename: V20__fix_adoption_applications_nullable_columns.sql)
2025-12-12 17:22:19.666 DEBUG [        ] o.f.core.internal.scanner.Scanner        : Filtering out resource: db/migration/V11__create_vaccination_records_table.sql (filename: V11__create_vaccination_records_table.sql)
2025-12-12 17:22:19.666 DEBUG [        ] o.f.core.internal.scanner.Scanner        : Filtering out resource: db/migration/V14__create_favorites_table.sql (filename: V14__create_favorites_table.sql)
2025-12-12 17:22:19.666 DEBUG [        ] o.f.core.internal.scanner.Scanner        : Filtering out resource: db/migration/V10__create_vet_signoffs_table.sql (filename: V10__create_vet_signoffs_table.sql)
2025-12-12 17:22:19.666 DEBUG [        ] o.f.core.internal.scanner.Scanner        : Filtering out resource: db/migration/V17__create_vet_approvals_table.sql (filename: V17__create_vet_approvals_table.sql)
2025-12-12 17:22:19.666 DEBUG [        ] o.f.core.internal.scanner.Scanner        : Filtering out resource: db/migration/V3__create_fosters_table.sql (filename: V3__create_fosters_table.sql)
2025-12-12 17:22:19.666 DEBUG [        ] o.f.core.internal.scanner.Scanner        : Filtering out resource: db/migration/V13__create_adoptions_table.sql (filename: V13__create_adoptions_table.sql)
2025-12-12 17:22:19.666 DEBUG [        ] o.f.core.internal.scanner.Scanner        : Filtering out resource: db/migration/V15__create_notifications_table.sql (filename: V15__create_notifications_table.sql)
2025-12-12 17:22:19.666 DEBUG [        ] o.f.core.internal.scanner.Scanner        : Filtering out resource: db/migration/V2__create_refresh_tokens_table.sql (filename: V2__create_refresh_tokens_table.sql)
2025-12-12 17:22:19.666 DEBUG [        ] o.f.core.internal.scanner.Scanner        : Filtering out resource: db/migration/V21__verify_test_rescue_organization.sql (filename: V21__verify_test_rescue_organization.sql)
2025-12-12 17:22:19.666 DEBUG [        ] o.f.core.internal.scanner.Scanner        : Filtering out resource: db/migration/V1__create_users_table.sql (filename: V1__create_users_table.sql)
2025-12-12 17:22:19.666 DEBUG [        ] o.f.core.internal.scanner.Scanner        : Filtering out resource: db/migration/V18__create_pet_status_history_table.sql (filename: V18__create_pet_status_history_table.sql)
2025-12-12 17:22:19.666 DEBUG [        ] o.f.core.internal.scanner.Scanner        : Filtering out resource: db/migration/V4__create_adopters_table.sql (filename: V4__create_adopters_table.sql)
2025-12-12 17:22:19.666 DEBUG [        ] o.f.core.internal.scanner.Scanner        : Filtering out resource: db/migration/V5__create_rescue_organizations_table.sql (filename: V5__create_rescue_organizations_table.sql)
2025-12-12 17:22:19.666 DEBUG [        ] o.f.core.internal.scanner.Scanner        : Filtering out resource: db/migration/V6__create_vets_table.sql (filename: V6__create_vets_table.sql)
2025-12-12 17:22:19.666 DEBUG [        ] o.f.core.internal.scanner.Scanner        : Filtering out resource: db/migration/V16__restrict_species_to_cats_and_dogs.sql (filename: V16__restrict_species_to_cats_and_dogs.sql)
2025-12-12 17:22:19.666 DEBUG [        ] o.f.core.internal.scanner.Scanner        : Filtering out resource: db/migration/V12__create_adoption_applications_table.sql (filename: V12__create_adoption_applications_table.sql)
2025-12-12 17:22:19.666 DEBUG [        ] o.f.core.internal.scanner.Scanner        : Filtering out resource: db/migration/V19__create_content_moderation_tables.sql (filename: V19__create_content_moderation_tables.sql)
2025-12-12 17:22:19.666 DEBUG [        ] o.f.core.internal.scanner.Scanner        : Filtering out resource: db/migration/V9__create_pet_images_table.sql (filename: V9__create_pet_images_table.sql)
2025-12-12 17:22:19.666 DEBUG [        ] o.f.core.internal.scanner.Scanner        : Filtering out resource: db/migration/V8__create_pets_table.sql (filename: V8__create_pets_table.sql)
2025-12-12 17:22:19.666 DEBUG [        ] o.f.core.internal.scanner.Scanner        : Filtering out resource: db/migration/V7__create_admins_table.sql (filename: V7__create_admins_table.sql)
2025-12-12 17:22:19.666 DEBUG [        ] o.f.core.internal.scanner.Scanner        : Filtering out resource: db/migration/V20__fix_adoption_applications_nullable_columns.sql (filename: V20__fix_adoption_applications_nullable_columns.sql)
2025-12-12 17:22:19.666 DEBUG [        ] o.f.core.internal.scanner.Scanner        : Filtering out resource: db/migration/V11__create_vaccination_records_table.sql (filename: V11__create_vaccination_records_table.sql)
2025-12-12 17:22:19.666 DEBUG [        ] o.f.core.internal.scanner.Scanner        : Filtering out resource: db/migration/V14__create_favorites_table.sql (filename: V14__create_favorites_table.sql)
2025-12-12 17:22:19.666 DEBUG [        ] o.f.core.internal.scanner.Scanner        : Filtering out resource: db/migration/V10__create_vet_signoffs_table.sql (filename: V10__create_vet_signoffs_table.sql)
2025-12-12 17:22:19.666 DEBUG [        ] o.f.core.internal.scanner.Scanner        : Filtering out resource: db/migration/V17__create_vet_approvals_table.sql (filename: V17__create_vet_approvals_table.sql)
2025-12-12 17:22:19.666 DEBUG [        ] o.f.core.internal.scanner.Scanner        : Filtering out resource: db/migration/V3__create_fosters_table.sql (filename: V3__create_fosters_table.sql)
2025-12-12 17:22:19.666 DEBUG [        ] o.f.core.internal.scanner.Scanner        : Filtering out resource: db/migration/V13__create_adoptions_table.sql (filename: V13__create_adoptions_table.sql)
2025-12-12 17:22:19.666 DEBUG [        ] o.f.core.internal.scanner.Scanner        : Filtering out resource: db/migration/V15__create_notifications_table.sql (filename: V15__create_notifications_table.sql)
2025-12-12 17:22:19.666 DEBUG [        ] o.f.core.internal.scanner.Scanner        : Filtering out resource: db/migration/V2__create_refresh_tokens_table.sql (filename: V2__create_refresh_tokens_table.sql)
2025-12-12 17:22:19.667  INFO [        ] o.f.c.i.s.JdbcTableSchemaHistory         : Schema history table "public"."flyway_schema_history" does not exist yet
2025-12-12 17:22:19.668  INFO [        ] o.f.core.internal.command.DbValidate     : Successfully validated 21 migrations (execution time 00:00.003s)
2025-12-12 17:22:19.669 DEBUG [        ] o.f.core.internal.command.DbSchemas      : Skipping creation of existing schema: "public"
2025-12-12 17:22:19.671  INFO [        ] org.flywaydb.core.Flyway                 : All configured schemas are empty; baseline operation skipped. A baseline or migration script with a lower version than the baseline version may execute if available. Check the Schemas parameter if this is not intended.
2025-12-12 17:22:19.672  INFO [        ] o.f.c.i.s.JdbcTableSchemaHistory         : Creating Schema History table "public"."flyway_schema_history" ...
2025-12-12 17:22:19.674 DEBUG [        ] o.flywaydb.core.internal.parser.Parser   : Parsing  ...
2025-12-12 17:22:19.677 DEBUG [        ] o.f.c.i.sqlscript.ParserSqlScript        : Found statement at line 1: CREATE TABLE "public"."flyway_schema_history" (
    "installed_rank" INT NOT NULL,
    "version" VARCHAR(50),
    "description" VARCHAR(200) NOT NULL,
    "type" VARCHAR(20) NOT NULL,
    "script" VARCHAR(1000) NOT NULL,
    "checksum" INTEGER,
    "installed_by" VARCHAR(100) NOT NULL,
    "installed_on" TIMESTAMP NOT NULL DEFAULT now(),
    "execution_time" INTEGER NOT NULL,
    "success" BOOLEAN NOT NULL
)
2025-12-12 17:22:19.677 DEBUG [        ] o.f.c.i.sqlscript.ParserSqlScript        : Found statement at line 13: ALTER TABLE "public"."flyway_schema_history" ADD CONSTRAINT "flyway_schema_history_pk" PRIMARY KEY ("installed_rank")
2025-12-12 17:22:19.677 DEBUG [        ] o.f.c.i.sqlscript.ParserSqlScript        : Found statement at line 14: CREATE INDEX "flyway_schema_history_s_idx" ON "public"."flyway_schema_history" ("success")
2025-12-12 17:22:19.678 DEBUG [        ] o.f.c.i.s.DefaultSqlScriptExecutor       : Executing SQL: CREATE TABLE "public"."flyway_schema_history" (
    "installed_rank" INT NOT NULL,
    "version" VARCHAR(50),
    "description" VARCHAR(200) NOT NULL,
    "type" VARCHAR(20) NOT NULL,
    "script" VARCHAR(1000) NOT NULL,
    "checksum" INTEGER,
    "installed_by" VARCHAR(100) NOT NULL,
    "installed_on" TIMESTAMP NOT NULL DEFAULT now(),
    "execution_time" INTEGER NOT NULL,
    "success" BOOLEAN NOT NULL
)
2025-12-12 17:22:19.688 DEBUG [        ] o.f.c.i.s.DefaultSqlScriptExecutor       : 0 rows affected
2025-12-12 17:22:19.688 DEBUG [        ] o.f.c.i.s.DefaultSqlScriptExecutor       : Executing SQL: ALTER TABLE "public"."flyway_schema_history" ADD CONSTRAINT "flyway_schema_history_pk" PRIMARY KEY ("installed_rank")
2025-12-12 17:22:19.696 DEBUG [        ] o.f.c.i.s.DefaultSqlScriptExecutor       : 0 rows affected
2025-12-12 17:22:19.696 DEBUG [        ] o.f.c.i.s.DefaultSqlScriptExecutor       : Executing SQL: CREATE INDEX "flyway_schema_history_s_idx" ON "public"."flyway_schema_history" ("success")
2025-12-12 17:22:19.705 DEBUG [        ] o.f.c.i.s.DefaultSqlScriptExecutor       : 0 rows affected
2025-12-12 17:22:19.705 DEBUG [        ] o.f.c.i.s.JdbcTableSchemaHistory         : Created Schema History table "public"."flyway_schema_history"
2025-12-12 17:22:19.710 DEBUG [        ] o.f.c.a.c.ClassicConfiguration           : CherryPickConfigurationExtension not found
2025-12-12 17:22:19.711  INFO [        ] o.f.core.internal.command.DbMigrate      : Current version of schema "public": << Empty Schema >>
2025-12-12 17:22:19.712 DEBUG [        ] o.flywaydb.core.internal.parser.Parser   : Parsing V1__create_users_table.sql ...
2025-12-12 17:22:19.714 DEBUG [        ] o.f.c.i.sqlscript.ParserSqlScript        : Found statement at line 5: -- V1: Create app_users table with embedded notification preferences
-- This is the base identity table for all platform users
-- Named "app_users" to avoid conflicts with PostgreSQL reserved words

CREATE TABLE app_users (
    id UUID PRIMARY KEY DEFAULT gen_random_uuid(),
    email VARCHAR(255) NOT NULL UNIQUE,
    name VARCHAR(255),
    password_hash VARCHAR(255) NOT NULL,
    role VARCHAR(50) NOT NULL,
    status VARCHAR(50) NOT NULL DEFAULT 'PENDING',
    profile_complete BOOLEAN NOT NULL DEFAULT FALSE,
    last_login_at TIMESTAMP WITH TIME ZONE,
    created_at TIMESTAMP WITH TIME ZONE NOT NULL DEFAULT CURRENT_TIMESTAMP,

    -- Authentication tokens
    email_verification_token VARCHAR(255),
    password_reset_token VARCHAR(255),
    password_reset_token_expiry TIMESTAMP WITH TIME ZONE,

    -- Login attempt tracking
    failed_login_attempts INT NOT NULL DEFAULT 0,
    locked_until TIMESTAMP WITH TIME ZONE,

    -- Embedded notification preferences
    notif_email_status_changes BOOLEAN NOT NULL DEFAULT TRUE,
    notif_email_new_applications BOOLEAN NOT NULL DEFAULT TRUE,
    notif_email_favorite_updates BOOLEAN NOT NULL DEFAULT TRUE,
    notif_in_app_enabled BOOLEAN NOT NULL DEFAULT TRUE,

    -- Constraints
    CONSTRAINT chk_app_users_role CHECK (role IN ('ADMIN', 'FOSTER', 'ADOPTER', 'VET', 'RESCUE_ORG')),
    CONSTRAINT chk_app_users_status CHECK (status IN ('PENDING', 'ACTIVE', 'SUSPENDED'))
)
2025-12-12 17:22:19.714 DEBUG [        ] o.f.c.i.sqlscript.ParserSqlScript        : Found statement at line 37: -- Indexes for common queries
CREATE INDEX idx_app_users_email ON app_users(email)
2025-12-12 17:22:19.714 DEBUG [        ] o.f.c.i.sqlscript.ParserSqlScript        : Found statement at line 38: CREATE INDEX idx_app_users_role ON app_users(role)
2025-12-12 17:22:19.714 DEBUG [        ] o.f.c.i.sqlscript.ParserSqlScript        : Found statement at line 39: CREATE INDEX idx_app_users_status ON app_users(status)
2025-12-12 17:22:19.714 DEBUG [        ] o.f.c.i.sqlscript.ParserSqlScript        : Found statement at line 41: COMMENT ON TABLE app_users IS 'Base identity for all platform users'
2025-12-12 17:22:19.714 DEBUG [        ] o.f.c.i.sqlscript.ParserSqlScript        : Found statement at line 42: COMMENT ON COLUMN app_users.role IS 'Discriminator: ADMIN, FOSTER, ADOPTER, VET, RESCUE_ORG'
2025-12-12 17:22:19.715 DEBUG [        ] o.f.c.i.sqlscript.ParserSqlScript        : Found statement at line 43: COMMENT ON COLUMN app_users.status IS 'Account status: PENDING (unverified), ACTIVE, SUSPENDED'
2025-12-12 17:22:19.715 DEBUG [        ] o.f.c.i.sqlscript.ParserSqlScript        : Found statement at line 44: COMMENT ON COLUMN app_users.profile_complete IS 'True after role-specific profile is filled'
2025-12-12 17:22:19.715 DEBUG [        ] o.f.core.internal.command.DbMigrate      : Starting migration of schema "public" to version "1 - create users table" ...
2025-12-12 17:22:19.716  INFO [        ] o.f.core.internal.command.DbMigrate      : Migrating schema "public" to version "1 - create users table"
2025-12-12 17:22:19.717 DEBUG [        ] o.f.c.i.s.DefaultSqlScriptExecutor       : Executing SQL: -- V1: Create app_users table with embedded notification preferences
-- This is the base identity table for all platform users
-- Named "app_users" to avoid conflicts with PostgreSQL reserved words

CREATE TABLE app_users (
    id UUID PRIMARY KEY DEFAULT gen_random_uuid(),
    email VARCHAR(255) NOT NULL UNIQUE,
    name VARCHAR(255),
    password_hash VARCHAR(255) NOT NULL,
    role VARCHAR(50) NOT NULL,
    status VARCHAR(50) NOT NULL DEFAULT 'PENDING',
    profile_complete BOOLEAN NOT NULL DEFAULT FALSE,
    last_login_at TIMESTAMP WITH TIME ZONE,
    created_at TIMESTAMP WITH TIME ZONE NOT NULL DEFAULT CURRENT_TIMESTAMP,

    -- Authentication tokens
    email_verification_token VARCHAR(255),
    password_reset_token VARCHAR(255),
    password_reset_token_expiry TIMESTAMP WITH TIME ZONE,

    -- Login attempt tracking
    failed_login_attempts INT NOT NULL DEFAULT 0,
    locked_until TIMESTAMP WITH TIME ZONE,

    -- Embedded notification preferences
    notif_email_status_changes BOOLEAN NOT NULL DEFAULT TRUE,
    notif_email_new_applications BOOLEAN NOT NULL DEFAULT TRUE,
    notif_email_favorite_updates BOOLEAN NOT NULL DEFAULT TRUE,
    notif_in_app_enabled BOOLEAN NOT NULL DEFAULT TRUE,

    -- Constraints
    CONSTRAINT chk_app_users_role CHECK (role IN ('ADMIN', 'FOSTER', 'ADOPTER', 'VET', 'RESCUE_ORG')),
    CONSTRAINT chk_app_users_status CHECK (status IN ('PENDING', 'ACTIVE', 'SUSPENDED'))
)
2025-12-12 17:22:19.736 DEBUG [        ] o.f.c.i.s.DefaultSqlScriptExecutor       : 0 rows affected
2025-12-12 17:22:19.736 DEBUG [        ] o.f.c.i.s.DefaultSqlScriptExecutor       : Executing SQL: -- Indexes for common queries
CREATE INDEX idx_app_users_email ON app_users(email)
2025-12-12 17:22:19.743 DEBUG [        ] o.f.c.i.s.DefaultSqlScriptExecutor       : 0 rows affected
2025-12-12 17:22:19.743 DEBUG [        ] o.f.c.i.s.DefaultSqlScriptExecutor       : Executing SQL: CREATE INDEX idx_app_users_role ON app_users(role)
2025-12-12 17:22:19.750 DEBUG [        ] o.f.c.i.s.DefaultSqlScriptExecutor       : 0 rows affected
2025-12-12 17:22:19.750 DEBUG [        ] o.f.c.i.s.DefaultSqlScriptExecutor       : Executing SQL: CREATE INDEX idx_app_users_status ON app_users(status)
2025-12-12 17:22:19.759 DEBUG [        ] o.f.c.i.s.DefaultSqlScriptExecutor       : 0 rows affected
2025-12-12 17:22:19.759 DEBUG [        ] o.f.c.i.s.DefaultSqlScriptExecutor       : Executing SQL: COMMENT ON TABLE app_users IS 'Base identity for all platform users'
2025-12-12 17:22:19.760 DEBUG [        ] o.f.c.i.s.DefaultSqlScriptExecutor       : 0 rows affected
2025-12-12 17:22:19.760 DEBUG [        ] o.f.c.i.s.DefaultSqlScriptExecutor       : Executing SQL: COMMENT ON COLUMN app_users.role IS 'Discriminator: ADMIN, FOSTER, ADOPTER, VET, RESCUE_ORG'
2025-12-12 17:22:19.761 DEBUG [        ] o.f.c.i.s.DefaultSqlScriptExecutor       : 0 rows affected
2025-12-12 17:22:19.761 DEBUG [        ] o.f.c.i.s.DefaultSqlScriptExecutor       : Executing SQL: COMMENT ON COLUMN app_users.status IS 'Account status: PENDING (unverified), ACTIVE, SUSPENDED'
2025-12-12 17:22:19.762 DEBUG [        ] o.f.c.i.s.DefaultSqlScriptExecutor       : 0 rows affected
2025-12-12 17:22:19.762 DEBUG [        ] o.f.c.i.s.DefaultSqlScriptExecutor       : Executing SQL: COMMENT ON COLUMN app_users.profile_complete IS 'True after role-specific profile is filled'
2025-12-12 17:22:19.763 DEBUG [        ] o.f.c.i.s.DefaultSqlScriptExecutor       : 0 rows affected
2025-12-12 17:22:19.763 DEBUG [        ] o.f.core.internal.command.DbMigrate      : Successfully completed migration of schema "public" to version "1 - create users table"
2025-12-12 17:22:19.769 DEBUG [        ] o.f.c.i.s.JdbcTableSchemaHistory         : Schema History table "public"."flyway_schema_history" successfully updated to reflect changes
2025-12-12 17:22:19.775 DEBUG [        ] o.f.c.a.c.ClassicConfiguration           : CherryPickConfigurationExtension not found
2025-12-12 17:22:19.776 DEBUG [        ] o.flywaydb.core.internal.parser.Parser   : Parsing V2__create_refresh_tokens_table.sql ...
2025-12-12 17:22:19.777 DEBUG [        ] o.f.c.i.sqlscript.ParserSqlScript        : Found statement at line 4: -- V2: Create refresh tokens table for JWT authentication
-- Stores refresh tokens for token rotation and revocation

CREATE TABLE refresh_tokens (
    id UUID PRIMARY KEY DEFAULT gen_random_uuid(),
    user_id UUID NOT NULL REFERENCES app_users(id) ON DELETE CASCADE,
    token VARCHAR(255) NOT NULL UNIQUE,
    expires_at TIMESTAMP WITH TIME ZONE NOT NULL,
    created_at TIMESTAMP WITH TIME ZONE NOT NULL DEFAULT CURRENT_TIMESTAMP,
    revoked BOOLEAN NOT NULL DEFAULT FALSE
)
2025-12-12 17:22:19.777 DEBUG [        ] o.f.c.i.sqlscript.ParserSqlScript        : Found statement at line 14: -- Index for token lookup
CREATE INDEX idx_refresh_tokens_user_id ON refresh_tokens(user_id)
2025-12-12 17:22:19.777 DEBUG [        ] o.f.c.i.sqlscript.ParserSqlScript        : Found statement at line 15: CREATE INDEX idx_refresh_tokens_token ON refresh_tokens(token)
2025-12-12 17:22:19.777 DEBUG [        ] o.f.c.i.sqlscript.ParserSqlScript        : Found statement at line 16: CREATE INDEX idx_refresh_tokens_expires_at ON refresh_tokens(expires_at)
2025-12-12 17:22:19.777 DEBUG [        ] o.f.c.i.sqlscript.ParserSqlScript        : Found statement at line 18: COMMENT ON TABLE refresh_tokens IS 'JWT refresh tokens for authentication'
2025-12-12 17:22:19.777 DEBUG [        ] o.f.c.i.sqlscript.ParserSqlScript        : Found statement at line 19: COMMENT ON COLUMN refresh_tokens.token IS 'The refresh token value (hashed)'
2025-12-12 17:22:19.777 DEBUG [        ] o.f.c.i.sqlscript.ParserSqlScript        : Found statement at line 20: COMMENT ON COLUMN refresh_tokens.expires_at IS '7 days default, 30 days with remember-me'
2025-12-12 17:22:19.777 DEBUG [        ] o.f.core.internal.command.DbMigrate      : Starting migration of schema "public" to version "2 - create refresh tokens table" ...
2025-12-12 17:22:19.779  INFO [        ] o.f.core.internal.command.DbMigrate      : Migrating schema "public" to version "2 - create refresh tokens table"
2025-12-12 17:22:19.779 DEBUG [        ] o.f.c.i.s.DefaultSqlScriptExecutor       : Executing SQL: -- V2: Create refresh tokens table for JWT authentication
-- Stores refresh tokens for token rotation and revocation

CREATE TABLE refresh_tokens (
    id UUID PRIMARY KEY DEFAULT gen_random_uuid(),
    user_id UUID NOT NULL REFERENCES app_users(id) ON DELETE CASCADE,
    token VARCHAR(255) NOT NULL UNIQUE,
    expires_at TIMESTAMP WITH TIME ZONE NOT NULL,
    created_at TIMESTAMP WITH TIME ZONE NOT NULL DEFAULT CURRENT_TIMESTAMP,
    revoked BOOLEAN NOT NULL DEFAULT FALSE
)
2025-12-12 17:22:19.796 DEBUG [        ] o.f.c.i.s.DefaultSqlScriptExecutor       : 0 rows affected
2025-12-12 17:22:19.796 DEBUG [        ] o.f.c.i.s.DefaultSqlScriptExecutor       : Executing SQL: -- Index for token lookup
CREATE INDEX idx_refresh_tokens_user_id ON refresh_tokens(user_id)
2025-12-12 17:22:19.805 DEBUG [        ] o.f.c.i.s.DefaultSqlScriptExecutor       : 0 rows affected
2025-12-12 17:22:19.805 DEBUG [        ] o.f.c.i.s.DefaultSqlScriptExecutor       : Executing SQL: CREATE INDEX idx_refresh_tokens_token ON refresh_tokens(token)
2025-12-12 17:22:19.813 DEBUG [        ] o.f.c.i.s.DefaultSqlScriptExecutor       : 0 rows affected
2025-12-12 17:22:19.813 DEBUG [        ] o.f.c.i.s.DefaultSqlScriptExecutor       : Executing SQL: CREATE INDEX idx_refresh_tokens_expires_at ON refresh_tokens(expires_at)
2025-12-12 17:22:19.822 DEBUG [        ] o.f.c.i.s.DefaultSqlScriptExecutor       : 0 rows affected
2025-12-12 17:22:19.823 DEBUG [        ] o.f.c.i.s.DefaultSqlScriptExecutor       : Executing SQL: COMMENT ON TABLE refresh_tokens IS 'JWT refresh tokens for authentication'
2025-12-12 17:22:19.823 DEBUG [        ] o.f.c.i.s.DefaultSqlScriptExecutor       : 0 rows affected
2025-12-12 17:22:19.824 DEBUG [        ] o.f.c.i.s.DefaultSqlScriptExecutor       : Executing SQL: COMMENT ON COLUMN refresh_tokens.token IS 'The refresh token value (hashed)'
2025-12-12 17:22:19.824 DEBUG [        ] o.f.c.i.s.DefaultSqlScriptExecutor       : 0 rows affected
2025-12-12 17:22:19.825 DEBUG [        ] o.f.c.i.s.DefaultSqlScriptExecutor       : Executing SQL: COMMENT ON COLUMN refresh_tokens.expires_at IS '7 days default, 30 days with remember-me'
2025-12-12 17:22:19.826 DEBUG [        ] o.f.c.i.s.DefaultSqlScriptExecutor       : 0 rows affected
2025-12-12 17:22:19.826 DEBUG [        ] o.f.core.internal.command.DbMigrate      : Successfully completed migration of schema "public" to version "2 - create refresh tokens table"
2025-12-12 17:22:19.829 DEBUG [        ] o.f.c.i.s.JdbcTableSchemaHistory         : Schema History table "public"."flyway_schema_history" successfully updated to reflect changes
2025-12-12 17:22:19.833 DEBUG [        ] o.f.c.a.c.ClassicConfiguration           : CherryPickConfigurationExtension not found
2025-12-12 17:22:19.834 DEBUG [        ] o.flywaydb.core.internal.parser.Parser   : Parsing V3__create_fosters_table.sql ...
2025-12-12 17:22:19.834 DEBUG [        ] o.f.c.i.sqlscript.ParserSqlScript        : Found statement at line 4: -- V3: Create fosters table
-- Profile for users who register pets for adoption

CREATE TABLE fosters (
    id UUID PRIMARY KEY DEFAULT gen_random_uuid(),
    user_id UUID NOT NULL UNIQUE REFERENCES app_users(id) ON DELETE CASCADE,
    first_name VARCHAR(100) NOT NULL,
    last_name VARCHAR(100) NOT NULL,
    phone VARCHAR(50),

    -- Embedded address
    address_street VARCHAR(255),
    address_city VARCHAR(100),
    address_state VARCHAR(100),
    address_postal_code VARCHAR(20),
    address_country VARCHAR(100)
)
2025-12-12 17:22:19.834 DEBUG [        ] o.f.c.i.sqlscript.ParserSqlScript        : Found statement at line 20: -- Index for user lookup
CREATE INDEX idx_fosters_user_id ON fosters(user_id)
2025-12-12 17:22:19.834 DEBUG [        ] o.f.c.i.sqlscript.ParserSqlScript        : Found statement at line 22: COMMENT ON TABLE fosters IS 'Profile for pet owners seeking to rehome their pets'
2025-12-12 17:22:19.835 DEBUG [        ] o.f.c.i.sqlscript.ParserSqlScript        : Found statement at line 23: COMMENT ON COLUMN fosters.address_street IS 'Optional for privacy'
2025-12-12 17:22:19.835 DEBUG [        ] o.f.core.internal.command.DbMigrate      : Starting migration of schema "public" to version "3 - create fosters table" ...
2025-12-12 17:22:19.836  INFO [        ] o.f.core.internal.command.DbMigrate      : Migrating schema "public" to version "3 - create fosters table"
2025-12-12 17:22:19.836 DEBUG [        ] o.f.c.i.s.DefaultSqlScriptExecutor       : Executing SQL: -- V3: Create fosters table
-- Profile for users who register pets for adoption

CREATE TABLE fosters (
    id UUID PRIMARY KEY DEFAULT gen_random_uuid(),
    user_id UUID NOT NULL UNIQUE REFERENCES app_users(id) ON DELETE CASCADE,
    first_name VARCHAR(100) NOT NULL,
    last_name VARCHAR(100) NOT NULL,
    phone VARCHAR(50),

    -- Embedded address
    address_street VARCHAR(255),
    address_city VARCHAR(100),
    address_state VARCHAR(100),
    address_postal_code VARCHAR(20),
    address_country VARCHAR(100)
)
2025-12-12 17:22:19.859 DEBUG [        ] o.f.c.i.s.DefaultSqlScriptExecutor       : 0 rows affected
2025-12-12 17:22:19.859 DEBUG [        ] o.f.c.i.s.DefaultSqlScriptExecutor       : Executing SQL: -- Index for user lookup
CREATE INDEX idx_fosters_user_id ON fosters(user_id)
2025-12-12 17:22:19.867 DEBUG [        ] o.f.c.i.s.DefaultSqlScriptExecutor       : 0 rows affected
2025-12-12 17:22:19.868 DEBUG [        ] o.f.c.i.s.DefaultSqlScriptExecutor       : Executing SQL: COMMENT ON TABLE fosters IS 'Profile for pet owners seeking to rehome their pets'
2025-12-12 17:22:19.868 DEBUG [        ] o.f.c.i.s.DefaultSqlScriptExecutor       : 0 rows affected
2025-12-12 17:22:19.868 DEBUG [        ] o.f.c.i.s.DefaultSqlScriptExecutor       : Executing SQL: COMMENT ON COLUMN fosters.address_street IS 'Optional for privacy'
2025-12-12 17:22:19.869 DEBUG [        ] o.f.c.i.s.DefaultSqlScriptExecutor       : 0 rows affected
2025-12-12 17:22:19.869 DEBUG [        ] o.f.core.internal.command.DbMigrate      : Successfully completed migration of schema "public" to version "3 - create fosters table"
2025-12-12 17:22:19.873 DEBUG [        ] o.f.c.i.s.JdbcTableSchemaHistory         : Schema History table "public"."flyway_schema_history" successfully updated to reflect changes
2025-12-12 17:22:19.881 DEBUG [        ] o.f.c.a.c.ClassicConfiguration           : CherryPickConfigurationExtension not found
2025-12-12 17:22:19.882 DEBUG [        ] o.flywaydb.core.internal.parser.Parser   : Parsing V4__create_adopters_table.sql ...
2025-12-12 17:22:19.882 DEBUG [        ] o.f.c.i.sqlscript.ParserSqlScript        : Found statement at line 4: -- V4: Create adopters table
-- Profile for users who want to adopt pets

CREATE TABLE adopters (
    id UUID PRIMARY KEY DEFAULT gen_random_uuid(),
    user_id UUID NOT NULL UNIQUE REFERENCES app_users(id) ON DELETE CASCADE,
    first_name VARCHAR(100) NOT NULL,
    last_name VARCHAR(100) NOT NULL,
    phone VARCHAR(50),
    living_situation TEXT,
    pet_experience TEXT,

    -- Embedded address
    address_street VARCHAR(255),
    address_city VARCHAR(100),
    address_state VARCHAR(100),
    address_postal_code VARCHAR(20),
    address_country VARCHAR(100)
)
2025-12-12 17:22:19.882 DEBUG [        ] o.f.c.i.sqlscript.ParserSqlScript        : Found statement at line 22: -- Index for user lookup
CREATE INDEX idx_adopters_user_id ON adopters(user_id)
2025-12-12 17:22:19.883 DEBUG [        ] o.f.c.i.sqlscript.ParserSqlScript        : Found statement at line 24: COMMENT ON TABLE adopters IS 'Profile for people seeking to adopt pets'
2025-12-12 17:22:19.883 DEBUG [        ] o.f.c.i.sqlscript.ParserSqlScript        : Found statement at line 25: COMMENT ON COLUMN adopters.living_situation IS 'House, apartment, etc. for rescue evaluation'
2025-12-12 17:22:19.883 DEBUG [        ] o.f.c.i.sqlscript.ParserSqlScript        : Found statement at line 26: COMMENT ON COLUMN adopters.pet_experience IS 'Previous pet ownership history'
2025-12-12 17:22:19.883 DEBUG [        ] o.f.core.internal.command.DbMigrate      : Starting migration of schema "public" to version "4 - create adopters table" ...
2025-12-12 17:22:19.884  INFO [        ] o.f.core.internal.command.DbMigrate      : Migrating schema "public" to version "4 - create adopters table"
2025-12-12 17:22:19.884 DEBUG [        ] o.f.c.i.s.DefaultSqlScriptExecutor       : Executing SQL: -- V4: Create adopters table
-- Profile for users who want to adopt pets

CREATE TABLE adopters (
    id UUID PRIMARY KEY DEFAULT gen_random_uuid(),
    user_id UUID NOT NULL UNIQUE REFERENCES app_users(id) ON DELETE CASCADE,
    first_name VARCHAR(100) NOT NULL,
    last_name VARCHAR(100) NOT NULL,
    phone VARCHAR(50),
    living_situation TEXT,
    pet_experience TEXT,

    -- Embedded address
    address_street VARCHAR(255),
    address_city VARCHAR(100),
    address_state VARCHAR(100),
    address_postal_code VARCHAR(20),
    address_country VARCHAR(100)
)
2025-12-12 17:22:19.907 DEBUG [        ] o.f.c.i.s.DefaultSqlScriptExecutor       : 0 rows affected
2025-12-12 17:22:19.907 DEBUG [        ] o.f.c.i.s.DefaultSqlScriptExecutor       : Executing SQL: -- Index for user lookup
CREATE INDEX idx_adopters_user_id ON adopters(user_id)
2025-12-12 17:22:19.916 DEBUG [        ] o.f.c.i.s.DefaultSqlScriptExecutor       : 0 rows affected
2025-12-12 17:22:19.916 DEBUG [        ] o.f.c.i.s.DefaultSqlScriptExecutor       : Executing SQL: COMMENT ON TABLE adopters IS 'Profile for people seeking to adopt pets'
2025-12-12 17:22:19.917 DEBUG [        ] o.f.c.i.s.DefaultSqlScriptExecutor       : 0 rows affected
2025-12-12 17:22:19.917 DEBUG [        ] o.f.c.i.s.DefaultSqlScriptExecutor       : Executing SQL: COMMENT ON COLUMN adopters.living_situation IS 'House, apartment, etc. for rescue evaluation'
2025-12-12 17:22:19.917 DEBUG [        ] o.f.c.i.s.DefaultSqlScriptExecutor       : 0 rows affected
2025-12-12 17:22:19.917 DEBUG [        ] o.f.c.i.s.DefaultSqlScriptExecutor       : Executing SQL: COMMENT ON COLUMN adopters.pet_experience IS 'Previous pet ownership history'
2025-12-12 17:22:19.917 DEBUG [        ] o.f.c.i.s.DefaultSqlScriptExecutor       : 0 rows affected
2025-12-12 17:22:19.917 DEBUG [        ] o.f.core.internal.command.DbMigrate      : Successfully completed migration of schema "public" to version "4 - create adopters table"
2025-12-12 17:22:19.919 DEBUG [        ] o.f.c.i.s.JdbcTableSchemaHistory         : Schema History table "public"."flyway_schema_history" successfully updated to reflect changes
2025-12-12 17:22:19.926 DEBUG [        ] o.f.c.a.c.ClassicConfiguration           : CherryPickConfigurationExtension not found
2025-12-12 17:22:19.927 DEBUG [        ] o.flywaydb.core.internal.parser.Parser   : Parsing V5__create_rescue_organizations_table.sql ...
2025-12-12 17:22:19.928 DEBUG [        ] o.f.c.i.sqlscript.ParserSqlScript        : Found statement at line 4: -- V5: Create rescue organizations table
-- Profile for verified rescue organizations that facilitate adoptions

CREATE TABLE rescue_organizations (
    id UUID PRIMARY KEY DEFAULT gen_random_uuid(),
    user_id UUID NOT NULL UNIQUE REFERENCES app_users(id) ON DELETE CASCADE,
    name VARCHAR(255) NOT NULL,
    phone VARCHAR(50),
    website VARCHAR(255),
    description TEXT,
    logo_url VARCHAR(500),
    contact_name VARCHAR(200),
    contact_email VARCHAR(255),
    verified BOOLEAN NOT NULL DEFAULT FALSE,

    -- Embedded address
    address_street VARCHAR(255),
    address_city VARCHAR(100),
    address_state VARCHAR(100),
    address_postal_code VARCHAR(20),
    address_country VARCHAR(100),

    -- Embedded social links
    social_facebook VARCHAR(255),
    social_instagram VARCHAR(255),
    social_twitter VARCHAR(255),
    social_tiktok VARCHAR(255)
)
2025-12-12 17:22:19.928 DEBUG [        ] o.f.c.i.sqlscript.ParserSqlScript        : Found statement at line 31: -- Indexes
CREATE INDEX idx_rescue_orgs_user_id ON rescue_organizations(user_id)
2025-12-12 17:22:19.928 DEBUG [        ] o.f.c.i.sqlscript.ParserSqlScript        : Found statement at line 32: CREATE INDEX idx_rescue_orgs_verified ON rescue_organizations(verified)
2025-12-12 17:22:19.928 DEBUG [        ] o.f.c.i.sqlscript.ParserSqlScript        : Found statement at line 33: CREATE INDEX idx_rescue_orgs_name ON rescue_organizations(name)
2025-12-12 17:22:19.928 DEBUG [        ] o.f.c.i.sqlscript.ParserSqlScript        : Found statement at line 35: COMMENT ON TABLE rescue_organizations IS 'Verified organizations that facilitate pet adoptions'
2025-12-12 17:22:19.928 DEBUG [        ] o.f.c.i.sqlscript.ParserSqlScript        : Found statement at line 36: COMMENT ON COLUMN rescue_organizations.verified IS 'Admin must verify before org can operate'
2025-12-12 17:22:19.928 DEBUG [        ] o.f.c.i.sqlscript.ParserSqlScript        : Found statement at line 37: COMMENT ON COLUMN rescue_organizations.logo_url IS 'S3 URL for organization logo'
2025-12-12 17:22:19.928 DEBUG [        ] o.f.core.internal.command.DbMigrate      : Starting migration of schema "public" to version "5 - create rescue organizations table" ...
2025-12-12 17:22:19.929  INFO [        ] o.f.core.internal.command.DbMigrate      : Migrating schema "public" to version "5 - create rescue organizations table"
2025-12-12 17:22:19.929 DEBUG [        ] o.f.c.i.s.DefaultSqlScriptExecutor       : Executing SQL: -- V5: Create rescue organizations table
-- Profile for verified rescue organizations that facilitate adoptions

CREATE TABLE rescue_organizations (
    id UUID PRIMARY KEY DEFAULT gen_random_uuid(),
    user_id UUID NOT NULL UNIQUE REFERENCES app_users(id) ON DELETE CASCADE,
    name VARCHAR(255) NOT NULL,
    phone VARCHAR(50),
    website VARCHAR(255),
    description TEXT,
    logo_url VARCHAR(500),
    contact_name VARCHAR(200),
    contact_email VARCHAR(255),
    verified BOOLEAN NOT NULL DEFAULT FALSE,

    -- Embedded address
    address_street VARCHAR(255),
    address_city VARCHAR(100),
    address_state VARCHAR(100),
    address_postal_code VARCHAR(20),
    address_country VARCHAR(100),

    -- Embedded social links
    social_facebook VARCHAR(255),
    social_instagram VARCHAR(255),
    social_twitter VARCHAR(255),
    social_tiktok VARCHAR(255)
)
2025-12-12 17:22:19.947 DEBUG [        ] o.f.c.i.s.DefaultSqlScriptExecutor       : 0 rows affected
2025-12-12 17:22:19.947 DEBUG [        ] o.f.c.i.s.DefaultSqlScriptExecutor       : Executing SQL: -- Indexes
CREATE INDEX idx_rescue_orgs_user_id ON rescue_organizations(user_id)
2025-12-12 17:22:19.955 DEBUG [        ] o.f.c.i.s.DefaultSqlScriptExecutor       : 0 rows affected
2025-12-12 17:22:19.955 DEBUG [        ] o.f.c.i.s.DefaultSqlScriptExecutor       : Executing SQL: CREATE INDEX idx_rescue_orgs_verified ON rescue_organizations(verified)
2025-12-12 17:22:19.964 DEBUG [        ] o.f.c.i.s.DefaultSqlScriptExecutor       : 0 rows affected
2025-12-12 17:22:19.965 DEBUG [        ] o.f.c.i.s.DefaultSqlScriptExecutor       : Executing SQL: CREATE INDEX idx_rescue_orgs_name ON rescue_organizations(name)
2025-12-12 17:22:19.973 DEBUG [        ] o.f.c.i.s.DefaultSqlScriptExecutor       : 0 rows affected
2025-12-12 17:22:19.973 DEBUG [        ] o.f.c.i.s.DefaultSqlScriptExecutor       : Executing SQL: COMMENT ON TABLE rescue_organizations IS 'Verified organizations that facilitate pet adoptions'
2025-12-12 17:22:19.973 DEBUG [        ] o.f.c.i.s.DefaultSqlScriptExecutor       : 0 rows affected
2025-12-12 17:22:19.973 DEBUG [        ] o.f.c.i.s.DefaultSqlScriptExecutor       : Executing SQL: COMMENT ON COLUMN rescue_organizations.verified IS 'Admin must verify before org can operate'
2025-12-12 17:22:19.973 DEBUG [        ] o.f.c.i.s.DefaultSqlScriptExecutor       : 0 rows affected
2025-12-12 17:22:19.973 DEBUG [        ] o.f.c.i.s.DefaultSqlScriptExecutor       : Executing SQL: COMMENT ON COLUMN rescue_organizations.logo_url IS 'S3 URL for organization logo'
2025-12-12 17:22:19.973 DEBUG [        ] o.f.c.i.s.DefaultSqlScriptExecutor       : 0 rows affected
2025-12-12 17:22:19.973 DEBUG [        ] o.f.core.internal.command.DbMigrate      : Successfully completed migration of schema "public" to version "5 - create rescue organizations table"
2025-12-12 17:22:19.975 DEBUG [        ] o.f.c.i.s.JdbcTableSchemaHistory         : Schema History table "public"."flyway_schema_history" successfully updated to reflect changes
2025-12-12 17:22:19.982 DEBUG [        ] o.f.c.a.c.ClassicConfiguration           : CherryPickConfigurationExtension not found
2025-12-12 17:22:19.985 DEBUG [        ] o.flywaydb.core.internal.parser.Parser   : Parsing V6__create_vets_table.sql ...
2025-12-12 17:22:19.986 DEBUG [        ] o.f.c.i.sqlscript.ParserSqlScript        : Found statement at line 4: -- V6: Create vets table
-- Profile for veterinary professionals who verify pet health

CREATE TABLE vets (
    id UUID PRIMARY KEY DEFAULT gen_random_uuid(),
    user_id UUID NOT NULL UNIQUE REFERENCES app_users(id) ON DELETE CASCADE,
    clinic_name VARCHAR(255) NOT NULL,
    license_number VARCHAR(100) NOT NULL,
    phone VARCHAR(50),
    website VARCHAR(255),
    description TEXT,
    logo_url VARCHAR(500),
    verified BOOLEAN NOT NULL DEFAULT FALSE,

    -- Embedded address
    address_street VARCHAR(255),
    address_city VARCHAR(100),
    address_state VARCHAR(100),
    address_postal_code VARCHAR(20),
    address_country VARCHAR(100)
)
2025-12-12 17:22:19.986 DEBUG [        ] o.f.c.i.sqlscript.ParserSqlScript        : Found statement at line 24: -- Indexes
CREATE INDEX idx_vets_user_id ON vets(user_id)
2025-12-12 17:22:19.986 DEBUG [        ] o.f.c.i.sqlscript.ParserSqlScript        : Found statement at line 25: CREATE INDEX idx_vets_verified ON vets(verified)
2025-12-12 17:22:19.986 DEBUG [        ] o.f.c.i.sqlscript.ParserSqlScript        : Found statement at line 26: CREATE INDEX idx_vets_license ON vets(license_number)
2025-12-12 17:22:19.986 DEBUG [        ] o.f.c.i.sqlscript.ParserSqlScript        : Found statement at line 28: COMMENT ON TABLE vets IS 'Veterinary professionals who verify pet health before adoption'
2025-12-12 17:22:19.986 DEBUG [        ] o.f.c.i.sqlscript.ParserSqlScript        : Found statement at line 29: COMMENT ON COLUMN vets.verified IS 'Admin must verify license before vet can sign off on pets'
2025-12-12 17:22:19.986 DEBUG [        ] o.f.c.i.sqlscript.ParserSqlScript        : Found statement at line 30: COMMENT ON COLUMN vets.license_number IS 'Professional veterinary license ID'
2025-12-12 17:22:19.986 DEBUG [        ] o.f.core.internal.command.DbMigrate      : Starting migration of schema "public" to version "6 - create vets table" ...
2025-12-12 17:22:19.987  INFO [        ] o.f.core.internal.command.DbMigrate      : Migrating schema "public" to version "6 - create vets table"
2025-12-12 17:22:19.988 DEBUG [        ] o.f.c.i.s.DefaultSqlScriptExecutor       : Executing SQL: -- V6: Create vets table
-- Profile for veterinary professionals who verify pet health

CREATE TABLE vets (
    id UUID PRIMARY KEY DEFAULT gen_random_uuid(),
    user_id UUID NOT NULL UNIQUE REFERENCES app_users(id) ON DELETE CASCADE,
    clinic_name VARCHAR(255) NOT NULL,
    license_number VARCHAR(100) NOT NULL,
    phone VARCHAR(50),
    website VARCHAR(255),
    description TEXT,
    logo_url VARCHAR(500),
    verified BOOLEAN NOT NULL DEFAULT FALSE,

    -- Embedded address
    address_street VARCHAR(255),
    address_city VARCHAR(100),
    address_state VARCHAR(100),
    address_postal_code VARCHAR(20),
    address_country VARCHAR(100)
)
2025-12-12 17:22:20.011 DEBUG [        ] o.f.c.i.s.DefaultSqlScriptExecutor       : 0 rows affected
2025-12-12 17:22:20.011 DEBUG [        ] o.f.c.i.s.DefaultSqlScriptExecutor       : Executing SQL: -- Indexes
CREATE INDEX idx_vets_user_id ON vets(user_id)
2025-12-12 17:22:20.020 DEBUG [        ] o.f.c.i.s.DefaultSqlScriptExecutor       : 0 rows affected
2025-12-12 17:22:20.021 DEBUG [        ] o.f.c.i.s.DefaultSqlScriptExecutor       : Executing SQL: CREATE INDEX idx_vets_verified ON vets(verified)
2025-12-12 17:22:20.030 DEBUG [        ] o.f.c.i.s.DefaultSqlScriptExecutor       : 0 rows affected
2025-12-12 17:22:20.030 DEBUG [        ] o.f.c.i.s.DefaultSqlScriptExecutor       : Executing SQL: CREATE INDEX idx_vets_license ON vets(license_number)
2025-12-12 17:22:20.038 DEBUG [        ] o.f.c.i.s.DefaultSqlScriptExecutor       : 0 rows affected
2025-12-12 17:22:20.038 DEBUG [        ] o.f.c.i.s.DefaultSqlScriptExecutor       : Executing SQL: COMMENT ON TABLE vets IS 'Veterinary professionals who verify pet health before adoption'
2025-12-12 17:22:20.039 DEBUG [        ] o.f.c.i.s.DefaultSqlScriptExecutor       : 0 rows affected
2025-12-12 17:22:20.039 DEBUG [        ] o.f.c.i.s.DefaultSqlScriptExecutor       : Executing SQL: COMMENT ON COLUMN vets.verified IS 'Admin must verify license before vet can sign off on pets'
2025-12-12 17:22:20.041 DEBUG [        ] o.f.c.i.s.DefaultSqlScriptExecutor       : 0 rows affected
2025-12-12 17:22:20.041 DEBUG [        ] o.f.c.i.s.DefaultSqlScriptExecutor       : Executing SQL: COMMENT ON COLUMN vets.license_number IS 'Professional veterinary license ID'
2025-12-12 17:22:20.042 DEBUG [        ] o.f.c.i.s.DefaultSqlScriptExecutor       : 0 rows affected
2025-12-12 17:22:20.042 DEBUG [        ] o.f.core.internal.command.DbMigrate      : Successfully completed migration of schema "public" to version "6 - create vets table"
2025-12-12 17:22:20.044 DEBUG [        ] o.f.c.i.s.JdbcTableSchemaHistory         : Schema History table "public"."flyway_schema_history" successfully updated to reflect changes
2025-12-12 17:22:20.049 DEBUG [        ] o.f.c.a.c.ClassicConfiguration           : CherryPickConfigurationExtension not found
2025-12-12 17:22:20.051 DEBUG [        ] o.flywaydb.core.internal.parser.Parser   : Parsing V7__create_admins_table.sql ...
2025-12-12 17:22:20.052 DEBUG [        ] o.f.c.i.sqlscript.ParserSqlScript        : Found statement at line 4: -- V7: Create admins table
-- Minimal profile for platform administrators

CREATE TABLE admins (
    id UUID PRIMARY KEY DEFAULT gen_random_uuid(),
    user_id UUID NOT NULL UNIQUE REFERENCES app_users(id) ON DELETE CASCADE
)
2025-12-12 17:22:20.052 DEBUG [        ] o.f.c.i.sqlscript.ParserSqlScript        : Found statement at line 10: -- Index for user lookup
CREATE INDEX idx_admins_user_id ON admins(user_id)
2025-12-12 17:22:20.052 DEBUG [        ] o.f.c.i.sqlscript.ParserSqlScript        : Found statement at line 12: COMMENT ON TABLE admins IS 'Platform administrators with elevated privileges'
2025-12-12 17:22:20.052 DEBUG [        ] o.f.core.internal.command.DbMigrate      : Starting migration of schema "public" to version "7 - create admins table" ...
2025-12-12 17:22:20.053  INFO [        ] o.f.core.internal.command.DbMigrate      : Migrating schema "public" to version "7 - create admins table"
2025-12-12 17:22:20.053 DEBUG [        ] o.f.c.i.s.DefaultSqlScriptExecutor       : Executing SQL: -- V7: Create admins table
-- Minimal profile for platform administrators

CREATE TABLE admins (
    id UUID PRIMARY KEY DEFAULT gen_random_uuid(),
    user_id UUID NOT NULL UNIQUE REFERENCES app_users(id) ON DELETE CASCADE
)
2025-12-12 17:22:20.080 DEBUG [        ] o.f.c.i.s.DefaultSqlScriptExecutor       : 0 rows affected
2025-12-12 17:22:20.080 DEBUG [        ] o.f.c.i.s.DefaultSqlScriptExecutor       : Executing SQL: -- Index for user lookup
CREATE INDEX idx_admins_user_id ON admins(user_id)
2025-12-12 17:22:20.098 DEBUG [        ] o.f.c.i.s.DefaultSqlScriptExecutor       : 0 rows affected
2025-12-12 17:22:20.098 DEBUG [        ] o.f.c.i.s.DefaultSqlScriptExecutor       : Executing SQL: COMMENT ON TABLE admins IS 'Platform administrators with elevated privileges'
2025-12-12 17:22:20.099 DEBUG [        ] o.f.c.i.s.DefaultSqlScriptExecutor       : 0 rows affected
2025-12-12 17:22:20.100 DEBUG [        ] o.f.core.internal.command.DbMigrate      : Successfully completed migration of schema "public" to version "7 - create admins table"
2025-12-12 17:22:20.106 DEBUG [        ] o.f.c.i.s.JdbcTableSchemaHistory         : Schema History table "public"."flyway_schema_history" successfully updated to reflect changes
2025-12-12 17:22:20.125 DEBUG [        ] o.f.c.a.c.ClassicConfiguration           : CherryPickConfigurationExtension not found
2025-12-12 17:22:20.126 DEBUG [        ] o.flywaydb.core.internal.parser.Parser   : Parsing V8__create_pets_table.sql ...
2025-12-12 17:22:20.128 DEBUG [        ] o.f.c.i.sqlscript.ParserSqlScript        : Found statement at line 4: -- V8: Create pets table
-- Central entity representing animals seeking adoption

CREATE TABLE pets (
    id UUID PRIMARY KEY DEFAULT gen_random_uuid(),
    name VARCHAR(100) NOT NULL,
    species VARCHAR(50) NOT NULL,
    breed VARCHAR(100),
    age INTEGER NOT NULL,
    age_unit VARCHAR(20) NOT NULL,
    sex VARCHAR(20) NOT NULL,
    size VARCHAR(20) NOT NULL,
    description VARCHAR(500),
    health_notes TEXT,
    microchip_id VARCHAR(100) NOT NULL UNIQUE,
    status VARCHAR(50) NOT NULL DEFAULT 'DRAFT',
    foster_id UUID NOT NULL REFERENCES fosters(id),
    rescue_org_id UUID REFERENCES rescue_organizations(id),
    created_at TIMESTAMP WITH TIME ZONE NOT NULL DEFAULT CURRENT_TIMESTAMP,
    updated_at TIMESTAMP WITH TIME ZONE NOT NULL DEFAULT CURRENT_TIMESTAMP,

    -- Constraints
    CONSTRAINT chk_pets_species CHECK (species IN ('DOG', 'CAT', 'RABBIT', 'BIRD', 'OTHER')),
    CONSTRAINT chk_pets_age_unit CHECK (age_unit IN ('MONTHS', 'YEARS')),
    CONSTRAINT chk_pets_sex CHECK (sex IN ('MALE', 'FEMALE')),
    CONSTRAINT chk_pets_size CHECK (size IN ('SMALL', 'MEDIUM', 'LARGE')),
    CONSTRAINT chk_pets_status CHECK (status IN ('DRAFT', 'PENDING_RESCUE', 'PENDING_VET', 'AVAILABLE', 'IN_PROGRESS', 'ADOPTED', 'WITHDRAWN', 'ON_HOLD')),
    CONSTRAINT chk_pets_age_non_negative CHECK (age >= 0)
)
2025-12-12 17:22:20.128 DEBUG [        ] o.f.c.i.sqlscript.ParserSqlScript        : Found statement at line 32: -- Indexes for common queries
CREATE INDEX idx_pets_status ON pets(status)
2025-12-12 17:22:20.128 DEBUG [        ] o.f.c.i.sqlscript.ParserSqlScript        : Found statement at line 33: CREATE INDEX idx_pets_foster ON pets(foster_id)
2025-12-12 17:22:20.129 DEBUG [        ] o.f.c.i.sqlscript.ParserSqlScript        : Found statement at line 34: CREATE INDEX idx_pets_rescue_org ON pets(rescue_org_id)
2025-12-12 17:22:20.129 DEBUG [        ] o.f.c.i.sqlscript.ParserSqlScript        : Found statement at line 35: CREATE INDEX idx_pets_microchip ON pets(microchip_id)
2025-12-12 17:22:20.129 DEBUG [        ] o.f.c.i.sqlscript.ParserSqlScript        : Found statement at line 36: CREATE INDEX idx_pets_species ON pets(species)
2025-12-12 17:22:20.129 DEBUG [        ] o.f.c.i.sqlscript.ParserSqlScript        : Found statement at line 37: CREATE INDEX idx_pets_available ON pets(status) WHERE status = 'AVAILABLE'
2025-12-12 17:22:20.129 DEBUG [        ] o.f.c.i.sqlscript.ParserSqlScript        : Found statement at line 39: COMMENT ON TABLE pets IS 'Animals seeking forever homes'
2025-12-12 17:22:20.129 DEBUG [        ] o.f.c.i.sqlscript.ParserSqlScript        : Found statement at line 40: COMMENT ON COLUMN pets.microchip_id IS 'Required and immutable - used for vet lookup'
2025-12-12 17:22:20.129 DEBUG [        ] o.f.c.i.sqlscript.ParserSqlScript        : Found statement at line 41: COMMENT ON COLUMN pets.status IS 'Lifecycle state: DRAFT -> PENDING_RESCUE -> PENDING_VET -> AVAILABLE -> IN_PROGRESS -> ADOPTED'
2025-12-12 17:22:20.129 DEBUG [        ] o.f.c.i.sqlscript.ParserSqlScript        : Found statement at line 42: COMMENT ON COLUMN pets.description IS 'Personality, history, needs (max 500 chars)'
2025-12-12 17:22:20.129 DEBUG [        ] o.f.core.internal.command.DbMigrate      : Starting migration of schema "public" to version "8 - create pets table" ...
2025-12-12 17:22:20.130  INFO [        ] o.f.core.internal.command.DbMigrate      : Migrating schema "public" to version "8 - create pets table"
2025-12-12 17:22:20.130 DEBUG [        ] o.f.c.i.s.DefaultSqlScriptExecutor       : Executing SQL: -- V8: Create pets table
-- Central entity representing animals seeking adoption

CREATE TABLE pets (
    id UUID PRIMARY KEY DEFAULT gen_random_uuid(),
    name VARCHAR(100) NOT NULL,
    species VARCHAR(50) NOT NULL,
    breed VARCHAR(100),
    age INTEGER NOT NULL,
    age_unit VARCHAR(20) NOT NULL,
    sex VARCHAR(20) NOT NULL,
    size VARCHAR(20) NOT NULL,
    description VARCHAR(500),
    health_notes TEXT,
    microchip_id VARCHAR(100) NOT NULL UNIQUE,
    status VARCHAR(50) NOT NULL DEFAULT 'DRAFT',
    foster_id UUID NOT NULL REFERENCES fosters(id),
    rescue_org_id UUID REFERENCES rescue_organizations(id),
    created_at TIMESTAMP WITH TIME ZONE NOT NULL DEFAULT CURRENT_TIMESTAMP,
    updated_at TIMESTAMP WITH TIME ZONE NOT NULL DEFAULT CURRENT_TIMESTAMP,

    -- Constraints
    CONSTRAINT chk_pets_species CHECK (species IN ('DOG', 'CAT', 'RABBIT', 'BIRD', 'OTHER')),
    CONSTRAINT chk_pets_age_unit CHECK (age_unit IN ('MONTHS', 'YEARS')),
    CONSTRAINT chk_pets_sex CHECK (sex IN ('MALE', 'FEMALE')),
    CONSTRAINT chk_pets_size CHECK (size IN ('SMALL', 'MEDIUM', 'LARGE')),
    CONSTRAINT chk_pets_status CHECK (status IN ('DRAFT', 'PENDING_RESCUE', 'PENDING_VET', 'AVAILABLE', 'IN_PROGRESS', 'ADOPTED', 'WITHDRAWN', 'ON_HOLD')),
    CONSTRAINT chk_pets_age_non_negative CHECK (age >= 0)
)
2025-12-12 17:22:20.180 DEBUG [        ] o.f.c.i.s.DefaultSqlScriptExecutor       : 0 rows affected
2025-12-12 17:22:20.180 DEBUG [        ] o.f.c.i.s.DefaultSqlScriptExecutor       : Executing SQL: -- Indexes for common queries
CREATE INDEX idx_pets_status ON pets(status)
2025-12-12 17:22:20.199 DEBUG [        ] o.f.c.i.s.DefaultSqlScriptExecutor       : 0 rows affected
2025-12-12 17:22:20.199 DEBUG [        ] o.f.c.i.s.DefaultSqlScriptExecutor       : Executing SQL: CREATE INDEX idx_pets_foster ON pets(foster_id)
2025-12-12 17:22:20.217 DEBUG [        ] o.f.c.i.s.DefaultSqlScriptExecutor       : 0 rows affected
2025-12-12 17:22:20.217 DEBUG [        ] o.f.c.i.s.DefaultSqlScriptExecutor       : Executing SQL: CREATE INDEX idx_pets_rescue_org ON pets(rescue_org_id)
2025-12-12 17:22:20.235 DEBUG [        ] o.f.c.i.s.DefaultSqlScriptExecutor       : 0 rows affected
2025-12-12 17:22:20.235 DEBUG [        ] o.f.c.i.s.DefaultSqlScriptExecutor       : Executing SQL: CREATE INDEX idx_pets_microchip ON pets(microchip_id)
2025-12-12 17:22:20.251 DEBUG [        ] o.f.c.i.s.DefaultSqlScriptExecutor       : 0 rows affected
2025-12-12 17:22:20.251 DEBUG [        ] o.f.c.i.s.DefaultSqlScriptExecutor       : Executing SQL: CREATE INDEX idx_pets_species ON pets(species)
2025-12-12 17:22:20.272 DEBUG [        ] o.f.c.i.s.DefaultSqlScriptExecutor       : 0 rows affected
2025-12-12 17:22:20.273 DEBUG [        ] o.f.c.i.s.DefaultSqlScriptExecutor       : Executing SQL: CREATE INDEX idx_pets_available ON pets(status) WHERE status = 'AVAILABLE'
2025-12-12 17:22:20.291 DEBUG [        ] o.f.c.i.s.DefaultSqlScriptExecutor       : 0 rows affected
2025-12-12 17:22:20.291 DEBUG [        ] o.f.c.i.s.DefaultSqlScriptExecutor       : Executing SQL: COMMENT ON TABLE pets IS 'Animals seeking forever homes'
2025-12-12 17:22:20.291 DEBUG [        ] o.f.c.i.s.DefaultSqlScriptExecutor       : 0 rows affected
2025-12-12 17:22:20.291 DEBUG [        ] o.f.c.i.s.DefaultSqlScriptExecutor       : Executing SQL: COMMENT ON COLUMN pets.microchip_id IS 'Required and immutable - used for vet lookup'
2025-12-12 17:22:20.292 DEBUG [        ] o.f.c.i.s.DefaultSqlScriptExecutor       : 0 rows affected
2025-12-12 17:22:20.292 DEBUG [        ] o.f.c.i.s.DefaultSqlScriptExecutor       : Executing SQL: COMMENT ON COLUMN pets.status IS 'Lifecycle state: DRAFT -> PENDING_RESCUE -> PENDING_VET -> AVAILABLE -> IN_PROGRESS -> ADOPTED'
2025-12-12 17:22:20.292 DEBUG [        ] o.f.c.i.s.DefaultSqlScriptExecutor       : 0 rows affected
2025-12-12 17:22:20.292 DEBUG [        ] o.f.c.i.s.DefaultSqlScriptExecutor       : Executing SQL: COMMENT ON COLUMN pets.description IS 'Personality, history, needs (max 500 chars)'
2025-12-12 17:22:20.292 DEBUG [        ] o.f.c.i.s.DefaultSqlScriptExecutor       : 0 rows affected
2025-12-12 17:22:20.292 DEBUG [        ] o.f.core.internal.command.DbMigrate      : Successfully completed migration of schema "public" to version "8 - create pets table"
2025-12-12 17:22:20.294 DEBUG [        ] o.f.c.i.s.JdbcTableSchemaHistory         : Schema History table "public"."flyway_schema_history" successfully updated to reflect changes
2025-12-12 17:22:20.311 DEBUG [        ] o.f.c.a.c.ClassicConfiguration           : CherryPickConfigurationExtension not found
2025-12-12 17:22:20.312 DEBUG [        ] o.flywaydb.core.internal.parser.Parser   : Parsing V9__create_pet_images_table.sql ...
2025-12-12 17:22:20.313 DEBUG [        ] o.f.c.i.sqlscript.ParserSqlScript        : Found statement at line 4: -- V9: Create pet images table
-- Photos of pets to help adopters connect emotionally

CREATE TABLE pet_images (
    id UUID PRIMARY KEY DEFAULT gen_random_uuid(),
    pet_id UUID NOT NULL REFERENCES pets(id) ON DELETE CASCADE,
    url VARCHAR(500) NOT NULL,
    is_primary BOOLEAN NOT NULL DEFAULT FALSE,
    display_order INTEGER NOT NULL DEFAULT 0,
    uploaded_at TIMESTAMP WITH TIME ZONE NOT NULL DEFAULT CURRENT_TIMESTAMP
)
2025-12-12 17:22:20.313 DEBUG [        ] o.f.c.i.sqlscript.ParserSqlScript        : Found statement at line 14: -- Indexes
CREATE INDEX idx_pet_images_pet ON pet_images(pet_id)
2025-12-12 17:22:20.313 DEBUG [        ] o.f.c.i.sqlscript.ParserSqlScript        : Found statement at line 15: CREATE INDEX idx_pet_images_primary ON pet_images(pet_id) WHERE is_primary = TRUE
2025-12-12 17:22:20.313 DEBUG [        ] o.f.c.i.sqlscript.ParserSqlScript        : Found statement at line 17: COMMENT ON TABLE pet_images IS 'Pet photos stored in S3'
2025-12-12 17:22:20.314 DEBUG [        ] o.f.c.i.sqlscript.ParserSqlScript        : Found statement at line 18: COMMENT ON COLUMN pet_images.is_primary IS 'Main listing photo shown in search results'
2025-12-12 17:22:20.314 DEBUG [        ] o.f.c.i.sqlscript.ParserSqlScript        : Found statement at line 19: COMMENT ON COLUMN pet_images.display_order IS 'Order for gallery display'
2025-12-12 17:22:20.314 DEBUG [        ] o.f.core.internal.command.DbMigrate      : Starting migration of schema "public" to version "9 - create pet images table" ...
2025-12-12 17:22:20.315  INFO [        ] o.f.core.internal.command.DbMigrate      : Migrating schema "public" to version "9 - create pet images table"
2025-12-12 17:22:20.315 DEBUG [        ] o.f.c.i.s.DefaultSqlScriptExecutor       : Executing SQL: -- V9: Create pet images table
-- Photos of pets to help adopters connect emotionally

CREATE TABLE pet_images (
    id UUID PRIMARY KEY DEFAULT gen_random_uuid(),
    pet_id UUID NOT NULL REFERENCES pets(id) ON DELETE CASCADE,
    url VARCHAR(500) NOT NULL,
    is_primary BOOLEAN NOT NULL DEFAULT FALSE,
    display_order INTEGER NOT NULL DEFAULT 0,
    uploaded_at TIMESTAMP WITH TIME ZONE NOT NULL DEFAULT CURRENT_TIMESTAMP
)
2025-12-12 17:22:20.348 DEBUG [        ] o.f.c.i.s.DefaultSqlScriptExecutor       : 0 rows affected
2025-12-12 17:22:20.348 DEBUG [        ] o.f.c.i.s.DefaultSqlScriptExecutor       : Executing SQL: -- Indexes
CREATE INDEX idx_pet_images_pet ON pet_images(pet_id)
2025-12-12 17:22:20.361 DEBUG [        ] o.f.c.i.s.DefaultSqlScriptExecutor       : 0 rows affected
2025-12-12 17:22:20.361 DEBUG [        ] o.f.c.i.s.DefaultSqlScriptExecutor       : Executing SQL: CREATE INDEX idx_pet_images_primary ON pet_images(pet_id) WHERE is_primary = TRUE
2025-12-12 17:22:20.370 DEBUG [        ] o.f.c.i.s.DefaultSqlScriptExecutor       : 0 rows affected
2025-12-12 17:22:20.370 DEBUG [        ] o.f.c.i.s.DefaultSqlScriptExecutor       : Executing SQL: COMMENT ON TABLE pet_images IS 'Pet photos stored in S3'
2025-12-12 17:22:20.370 DEBUG [        ] o.f.c.i.s.DefaultSqlScriptExecutor       : 0 rows affected
2025-12-12 17:22:20.370 DEBUG [        ] o.f.c.i.s.DefaultSqlScriptExecutor       : Executing SQL: COMMENT ON COLUMN pet_images.is_primary IS 'Main listing photo shown in search results'
2025-12-12 17:22:20.371 DEBUG [        ] o.f.c.i.s.DefaultSqlScriptExecutor       : 0 rows affected
2025-12-12 17:22:20.371 DEBUG [        ] o.f.c.i.s.DefaultSqlScriptExecutor       : Executing SQL: COMMENT ON COLUMN pet_images.display_order IS 'Order for gallery display'
2025-12-12 17:22:20.371 DEBUG [        ] o.f.c.i.s.DefaultSqlScriptExecutor       : 0 rows affected
2025-12-12 17:22:20.371 DEBUG [        ] o.f.core.internal.command.DbMigrate      : Successfully completed migration of schema "public" to version "9 - create pet images table"
2025-12-12 17:22:20.373 DEBUG [        ] o.f.c.i.s.JdbcTableSchemaHistory         : Schema History table "public"."flyway_schema_history" successfully updated to reflect changes
2025-12-12 17:22:20.379 DEBUG [        ] o.f.c.a.c.ClassicConfiguration           : CherryPickConfigurationExtension not found
2025-12-12 17:22:20.380 DEBUG [        ] o.flywaydb.core.internal.parser.Parser   : Parsing V10__create_vet_signoffs_table.sql ...
2025-12-12 17:22:20.381 DEBUG [        ] o.f.c.i.sqlscript.ParserSqlScript        : Found statement at line 4: -- V10: Create vet signoffs table
-- Immutable record of veterinary verification

CREATE TABLE vet_signoffs (
    id UUID PRIMARY KEY DEFAULT gen_random_uuid(),
    pet_id UUID NOT NULL UNIQUE REFERENCES pets(id),
    vet_id UUID NOT NULL REFERENCES vets(id),
    neutered_date DATE NOT NULL,
    health_status VARCHAR(50) NOT NULL,
    health_notes TEXT,
    signed_off_at TIMESTAMP WITH TIME ZONE NOT NULL DEFAULT CURRENT_TIMESTAMP,

    -- Constraints
    CONSTRAINT chk_signoffs_health_status CHECK (health_status IN ('GOOD', 'KNOWN_CONDITIONS'))
)
2025-12-12 17:22:20.381 DEBUG [        ] o.f.c.i.sqlscript.ParserSqlScript        : Found statement at line 18: -- Indexes
CREATE INDEX idx_signoffs_pet ON vet_signoffs(pet_id)
2025-12-12 17:22:20.381 DEBUG [        ] o.f.c.i.sqlscript.ParserSqlScript        : Found statement at line 19: CREATE INDEX idx_signoffs_vet ON vet_signoffs(vet_id)
2025-12-12 17:22:20.381 DEBUG [        ] o.f.c.i.sqlscript.ParserSqlScript        : Found statement at line 20: CREATE INDEX idx_signoffs_date ON vet_signoffs(signed_off_at)
2025-12-12 17:22:20.382 DEBUG [        ] o.f.c.i.sqlscript.ParserSqlScript        : Found statement at line 22: COMMENT ON TABLE vet_signoffs IS 'Immutable vet verification records'
2025-12-12 17:22:20.382 DEBUG [        ] o.f.c.i.sqlscript.ParserSqlScript        : Found statement at line 23: COMMENT ON COLUMN vet_signoffs.neutered_date IS 'Date pet was neutered/spayed'
2025-12-12 17:22:20.382 DEBUG [        ] o.f.c.i.sqlscript.ParserSqlScript        : Found statement at line 24: COMMENT ON COLUMN vet_signoffs.health_notes IS 'Required if health_status is KNOWN_CONDITIONS'
2025-12-12 17:22:20.382 DEBUG [        ] o.f.core.internal.command.DbMigrate      : Starting migration of schema "public" to version "10 - create vet signoffs table" ...
2025-12-12 17:22:20.383  INFO [        ] o.f.core.internal.command.DbMigrate      : Migrating schema "public" to version "10 - create vet signoffs table"
2025-12-12 17:22:20.383 DEBUG [        ] o.f.c.i.s.DefaultSqlScriptExecutor       : Executing SQL: -- V10: Create vet signoffs table
-- Immutable record of veterinary verification

CREATE TABLE vet_signoffs (
    id UUID PRIMARY KEY DEFAULT gen_random_uuid(),
    pet_id UUID NOT NULL UNIQUE REFERENCES pets(id),
    vet_id UUID NOT NULL REFERENCES vets(id),
    neutered_date DATE NOT NULL,
    health_status VARCHAR(50) NOT NULL,
    health_notes TEXT,
    signed_off_at TIMESTAMP WITH TIME ZONE NOT NULL DEFAULT CURRENT_TIMESTAMP,

    -- Constraints
    CONSTRAINT chk_signoffs_health_status CHECK (health_status IN ('GOOD', 'KNOWN_CONDITIONS'))
)
2025-12-12 17:22:20.408 DEBUG [        ] o.f.c.i.s.DefaultSqlScriptExecutor       : 0 rows affected
2025-12-12 17:22:20.408 DEBUG [        ] o.f.c.i.s.DefaultSqlScriptExecutor       : Executing SQL: -- Indexes
CREATE INDEX idx_signoffs_pet ON vet_signoffs(pet_id)
2025-12-12 17:22:20.416 DEBUG [        ] o.f.c.i.s.DefaultSqlScriptExecutor       : 0 rows affected
2025-12-12 17:22:20.416 DEBUG [        ] o.f.c.i.s.DefaultSqlScriptExecutor       : Executing SQL: CREATE INDEX idx_signoffs_vet ON vet_signoffs(vet_id)
2025-12-12 17:22:20.426 DEBUG [        ] o.f.c.i.s.DefaultSqlScriptExecutor       : 0 rows affected
2025-12-12 17:22:20.426 DEBUG [        ] o.f.c.i.s.DefaultSqlScriptExecutor       : Executing SQL: CREATE INDEX idx_signoffs_date ON vet_signoffs(signed_off_at)
2025-12-12 17:22:20.434 DEBUG [        ] o.f.c.i.s.DefaultSqlScriptExecutor       : 0 rows affected
2025-12-12 17:22:20.434 DEBUG [        ] o.f.c.i.s.DefaultSqlScriptExecutor       : Executing SQL: COMMENT ON TABLE vet_signoffs IS 'Immutable vet verification records'
2025-12-12 17:22:20.434 DEBUG [        ] o.f.c.i.s.DefaultSqlScriptExecutor       : 0 rows affected
2025-12-12 17:22:20.434 DEBUG [        ] o.f.c.i.s.DefaultSqlScriptExecutor       : Executing SQL: COMMENT ON COLUMN vet_signoffs.neutered_date IS 'Date pet was neutered/spayed'
2025-12-12 17:22:20.434 DEBUG [        ] o.f.c.i.s.DefaultSqlScriptExecutor       : 0 rows affected
2025-12-12 17:22:20.434 DEBUG [        ] o.f.c.i.s.DefaultSqlScriptExecutor       : Executing SQL: COMMENT ON COLUMN vet_signoffs.health_notes IS 'Required if health_status is KNOWN_CONDITIONS'
2025-12-12 17:22:20.435 DEBUG [        ] o.f.c.i.s.DefaultSqlScriptExecutor       : 0 rows affected
2025-12-12 17:22:20.435 DEBUG [        ] o.f.core.internal.command.DbMigrate      : Successfully completed migration of schema "public" to version "10 - create vet signoffs table"
2025-12-12 17:22:20.437 DEBUG [        ] o.f.c.i.s.JdbcTableSchemaHistory         : Schema History table "public"."flyway_schema_history" successfully updated to reflect changes
2025-12-12 17:22:20.445 DEBUG [        ] o.f.c.a.c.ClassicConfiguration           : CherryPickConfigurationExtension not found
2025-12-12 17:22:20.447 DEBUG [        ] o.flywaydb.core.internal.parser.Parser   : Parsing V11__create_vaccination_records_table.sql ...
2025-12-12 17:22:20.448 DEBUG [        ] o.f.c.i.sqlscript.ParserSqlScript        : Found statement at line 4: -- V11: Create vaccination records table
-- Individual vaccine entries within a vet signoff

CREATE TABLE vaccination_records (
    id UUID PRIMARY KEY DEFAULT gen_random_uuid(),
    signoff_id UUID NOT NULL REFERENCES vet_signoffs(id) ON DELETE CASCADE,
    vaccine_name VARCHAR(100) NOT NULL,
    date_administered DATE NOT NULL,
    expiration_date DATE
)
2025-12-12 17:22:20.448 DEBUG [        ] o.f.c.i.sqlscript.ParserSqlScript        : Found statement at line 13: -- Index for signoff lookup
CREATE INDEX idx_vaccinations_signoff ON vaccination_records(signoff_id)
2025-12-12 17:22:20.448 DEBUG [        ] o.f.c.i.sqlscript.ParserSqlScript        : Found statement at line 15: COMMENT ON TABLE vaccination_records IS 'Vaccination entries as part of vet signoff'
2025-12-12 17:22:20.448 DEBUG [        ] o.f.c.i.sqlscript.ParserSqlScript        : Found statement at line 16: COMMENT ON COLUMN vaccination_records.vaccine_name IS 'e.g., Rabies, DHPP, FVRCP'
2025-12-12 17:22:20.448 DEBUG [        ] o.f.c.i.sqlscript.ParserSqlScript        : Found statement at line 17: COMMENT ON COLUMN vaccination_records.expiration_date IS 'When booster is needed'
2025-12-12 17:22:20.448 DEBUG [        ] o.f.core.internal.command.DbMigrate      : Starting migration of schema "public" to version "11 - create vaccination records table" ...
2025-12-12 17:22:20.449  INFO [        ] o.f.core.internal.command.DbMigrate      : Migrating schema "public" to version "11 - create vaccination records table"
2025-12-12 17:22:20.449 DEBUG [        ] o.f.c.i.s.DefaultSqlScriptExecutor       : Executing SQL: -- V11: Create vaccination records table
-- Individual vaccine entries within a vet signoff

CREATE TABLE vaccination_records (
    id UUID PRIMARY KEY DEFAULT gen_random_uuid(),
    signoff_id UUID NOT NULL REFERENCES vet_signoffs(id) ON DELETE CASCADE,
    vaccine_name VARCHAR(100) NOT NULL,
    date_administered DATE NOT NULL,
    expiration_date DATE
)
2025-12-12 17:22:20.455 DEBUG [        ] o.f.c.i.s.DefaultSqlScriptExecutor       : 0 rows affected
2025-12-12 17:22:20.455 DEBUG [        ] o.f.c.i.s.DefaultSqlScriptExecutor       : Executing SQL: -- Index for signoff lookup
CREATE INDEX idx_vaccinations_signoff ON vaccination_records(signoff_id)
2025-12-12 17:22:20.462 DEBUG [        ] o.f.c.i.s.DefaultSqlScriptExecutor       : 0 rows affected
2025-12-12 17:22:20.462 DEBUG [        ] o.f.c.i.s.DefaultSqlScriptExecutor       : Executing SQL: COMMENT ON TABLE vaccination_records IS 'Vaccination entries as part of vet signoff'
2025-12-12 17:22:20.463 DEBUG [        ] o.f.c.i.s.DefaultSqlScriptExecutor       : 0 rows affected
2025-12-12 17:22:20.463 DEBUG [        ] o.f.c.i.s.DefaultSqlScriptExecutor       : Executing SQL: COMMENT ON COLUMN vaccination_records.vaccine_name IS 'e.g., Rabies, DHPP, FVRCP'
2025-12-12 17:22:20.463 DEBUG [        ] o.f.c.i.s.DefaultSqlScriptExecutor       : 0 rows affected
2025-12-12 17:22:20.463 DEBUG [        ] o.f.c.i.s.DefaultSqlScriptExecutor       : Executing SQL: COMMENT ON COLUMN vaccination_records.expiration_date IS 'When booster is needed'
2025-12-12 17:22:20.464 DEBUG [        ] o.f.c.i.s.DefaultSqlScriptExecutor       : 0 rows affected
2025-12-12 17:22:20.464 DEBUG [        ] o.f.core.internal.command.DbMigrate      : Successfully completed migration of schema "public" to version "11 - create vaccination records table"
2025-12-12 17:22:20.464 DEBUG [        ] o.f.c.i.s.JdbcTableSchemaHistory         : Schema History table "public"."flyway_schema_history" successfully updated to reflect changes
2025-12-12 17:22:20.471 DEBUG [        ] o.f.c.a.c.ClassicConfiguration           : CherryPickConfigurationExtension not found
2025-12-12 17:22:20.472 DEBUG [        ] o.flywaydb.core.internal.parser.Parser   : Parsing V12__create_adoption_applications_table.sql ...
2025-12-12 17:22:20.472 DEBUG [        ] o.f.c.i.sqlscript.ParserSqlScript        : Found statement at line 4: -- V12: Create adoption applications table
-- Formal requests from adopters to adopt specific pets

CREATE TABLE adoption_applications (
    id UUID PRIMARY KEY DEFAULT gen_random_uuid(),
    pet_id UUID NOT NULL REFERENCES pets(id),
    adopter_id UUID NOT NULL REFERENCES adopters(id),
    status VARCHAR(50) NOT NULL DEFAULT 'SUBMITTED',
    living_situation TEXT NOT NULL,
    pet_experience TEXT NOT NULL,
    why_adopt TEXT NOT NULL,
    submitted_at TIMESTAMP WITH TIME ZONE NOT NULL DEFAULT CURRENT_TIMESTAMP,
    reviewed_at TIMESTAMP WITH TIME ZONE,
    reviewed_by UUID REFERENCES app_users(id),
    rejection_reason TEXT,

    -- Constraints
    CONSTRAINT chk_applications_status CHECK (status IN ('SUBMITTED', 'UNDER_REVIEW', 'APPROVED', 'REJECTED', 'WITHDRAWN')),
    CONSTRAINT uq_applications_pet_adopter UNIQUE (pet_id, adopter_id)
)
2025-12-12 17:22:20.473 DEBUG [        ] o.f.c.i.sqlscript.ParserSqlScript        : Found statement at line 23: -- Indexes
CREATE INDEX idx_applications_pet ON adoption_applications(pet_id)
2025-12-12 17:22:20.473 DEBUG [        ] o.f.c.i.sqlscript.ParserSqlScript        : Found statement at line 24: CREATE INDEX idx_applications_adopter ON adoption_applications(adopter_id)
2025-12-12 17:22:20.473 DEBUG [        ] o.f.c.i.sqlscript.ParserSqlScript        : Found statement at line 25: CREATE INDEX idx_applications_status ON adoption_applications(status)
2025-12-12 17:22:20.473 DEBUG [        ] o.f.c.i.sqlscript.ParserSqlScript        : Found statement at line 26: CREATE INDEX idx_applications_active ON adoption_applications(pet_id, status)
    WHERE status IN ('SUBMITTED', 'UNDER_REVIEW')
2025-12-12 17:22:20.473 DEBUG [        ] o.f.c.i.sqlscript.ParserSqlScript        : Found statement at line 29: COMMENT ON TABLE adoption_applications IS 'Formal adoption requests from adopters'
2025-12-12 17:22:20.473 DEBUG [        ] o.f.c.i.sqlscript.ParserSqlScript        : Found statement at line 30: COMMENT ON COLUMN adoption_applications.why_adopt IS 'Motivation for wanting to adopt this pet'
2025-12-12 17:22:20.473 DEBUG [        ] o.f.c.i.sqlscript.ParserSqlScript        : Found statement at line 31: COMMENT ON COLUMN adoption_applications.reviewed_by IS 'Rescue org user who reviewed the application'
2025-12-12 17:22:20.473 DEBUG [        ] o.f.core.internal.command.DbMigrate      : Starting migration of schema "public" to version "12 - create adoption applications table" ...
2025-12-12 17:22:20.473  INFO [        ] o.f.core.internal.command.DbMigrate      : Migrating schema "public" to version "12 - create adoption applications table"
2025-12-12 17:22:20.473 DEBUG [        ] o.f.c.i.s.DefaultSqlScriptExecutor       : Executing SQL: -- V12: Create adoption applications table
-- Formal requests from adopters to adopt specific pets

CREATE TABLE adoption_applications (
    id UUID PRIMARY KEY DEFAULT gen_random_uuid(),
    pet_id UUID NOT NULL REFERENCES pets(id),
    adopter_id UUID NOT NULL REFERENCES adopters(id),
    status VARCHAR(50) NOT NULL DEFAULT 'SUBMITTED',
    living_situation TEXT NOT NULL,
    pet_experience TEXT NOT NULL,
    why_adopt TEXT NOT NULL,
    submitted_at TIMESTAMP WITH TIME ZONE NOT NULL DEFAULT CURRENT_TIMESTAMP,
    reviewed_at TIMESTAMP WITH TIME ZONE,
    reviewed_by UUID REFERENCES app_users(id),
    rejection_reason TEXT,

    -- Constraints
    CONSTRAINT chk_applications_status CHECK (status IN ('SUBMITTED', 'UNDER_REVIEW', 'APPROVED', 'REJECTED', 'WITHDRAWN')),
    CONSTRAINT uq_applications_pet_adopter UNIQUE (pet_id, adopter_id)
)
2025-12-12 17:22:20.499 DEBUG [        ] o.f.c.i.s.DefaultSqlScriptExecutor       : 0 rows affected
2025-12-12 17:22:20.499 DEBUG [        ] o.f.c.i.s.DefaultSqlScriptExecutor       : Executing SQL: -- Indexes
CREATE INDEX idx_applications_pet ON adoption_applications(pet_id)
2025-12-12 17:22:20.507 DEBUG [        ] o.f.c.i.s.DefaultSqlScriptExecutor       : 0 rows affected
2025-12-12 17:22:20.507 DEBUG [        ] o.f.c.i.s.DefaultSqlScriptExecutor       : Executing SQL: CREATE INDEX idx_applications_adopter ON adoption_applications(adopter_id)
2025-12-12 17:22:20.516 DEBUG [        ] o.f.c.i.s.DefaultSqlScriptExecutor       : 0 rows affected
2025-12-12 17:22:20.516 DEBUG [        ] o.f.c.i.s.DefaultSqlScriptExecutor       : Executing SQL: CREATE INDEX idx_applications_status ON adoption_applications(status)
2025-12-12 17:22:20.525 DEBUG [        ] o.f.c.i.s.DefaultSqlScriptExecutor       : 0 rows affected
2025-12-12 17:22:20.525 DEBUG [        ] o.f.c.i.s.DefaultSqlScriptExecutor       : Executing SQL: CREATE INDEX idx_applications_active ON adoption_applications(pet_id, status)
    WHERE status IN ('SUBMITTED', 'UNDER_REVIEW')
2025-12-12 17:22:20.534 DEBUG [        ] o.f.c.i.s.DefaultSqlScriptExecutor       : 0 rows affected
2025-12-12 17:22:20.534 DEBUG [        ] o.f.c.i.s.DefaultSqlScriptExecutor       : Executing SQL: COMMENT ON TABLE adoption_applications IS 'Formal adoption requests from adopters'
2025-12-12 17:22:20.534 DEBUG [        ] o.f.c.i.s.DefaultSqlScriptExecutor       : 0 rows affected
2025-12-12 17:22:20.534 DEBUG [        ] o.f.c.i.s.DefaultSqlScriptExecutor       : Executing SQL: COMMENT ON COLUMN adoption_applications.why_adopt IS 'Motivation for wanting to adopt this pet'
2025-12-12 17:22:20.535 DEBUG [        ] o.f.c.i.s.DefaultSqlScriptExecutor       : 0 rows affected
2025-12-12 17:22:20.535 DEBUG [        ] o.f.c.i.s.DefaultSqlScriptExecutor       : Executing SQL: COMMENT ON COLUMN adoption_applications.reviewed_by IS 'Rescue org user who reviewed the application'
2025-12-12 17:22:20.535 DEBUG [        ] o.f.c.i.s.DefaultSqlScriptExecutor       : 0 rows affected
2025-12-12 17:22:20.535 DEBUG [        ] o.f.core.internal.command.DbMigrate      : Successfully completed migration of schema "public" to version "12 - create adoption applications table"
2025-12-12 17:22:20.536 DEBUG [        ] o.f.c.i.s.JdbcTableSchemaHistory         : Schema History table "public"."flyway_schema_history" successfully updated to reflect changes
2025-12-12 17:22:20.541 DEBUG [        ] o.f.c.a.c.ClassicConfiguration           : CherryPickConfigurationExtension not found
2025-12-12 17:22:20.542 DEBUG [        ] o.flywaydb.core.internal.parser.Parser   : Parsing V13__create_adoptions_table.sql ...
2025-12-12 17:22:20.542 DEBUG [        ] o.f.c.i.sqlscript.ParserSqlScript        : Found statement at line 4: -- V13: Create adoptions table
-- Completed adoption records - the successful outcome

CREATE TABLE adoptions (
    id UUID PRIMARY KEY DEFAULT gen_random_uuid(),
    pet_id UUID NOT NULL UNIQUE REFERENCES pets(id),
    foster_id UUID NOT NULL REFERENCES fosters(id),
    adopter_id UUID NOT NULL REFERENCES adopters(id),
    rescue_org_id UUID NOT NULL REFERENCES rescue_organizations(id),
    vet_id UUID NOT NULL REFERENCES vets(id),
    application_id UUID NOT NULL REFERENCES adoption_applications(id),
    adopted_at TIMESTAMP WITH TIME ZONE NOT NULL DEFAULT CURRENT_TIMESTAMP
)
2025-12-12 17:22:20.542 DEBUG [        ] o.f.c.i.sqlscript.ParserSqlScript        : Found statement at line 16: -- Indexes
CREATE INDEX idx_adoptions_pet ON adoptions(pet_id)
2025-12-12 17:22:20.542 DEBUG [        ] o.f.c.i.sqlscript.ParserSqlScript        : Found statement at line 17: CREATE INDEX idx_adoptions_foster ON adoptions(foster_id)
2025-12-12 17:22:20.542 DEBUG [        ] o.f.c.i.sqlscript.ParserSqlScript        : Found statement at line 18: CREATE INDEX idx_adoptions_adopter ON adoptions(adopter_id)
2025-12-12 17:22:20.542 DEBUG [        ] o.f.c.i.sqlscript.ParserSqlScript        : Found statement at line 19: CREATE INDEX idx_adoptions_rescue_org ON adoptions(rescue_org_id)
2025-12-12 17:22:20.542 DEBUG [        ] o.f.c.i.sqlscript.ParserSqlScript        : Found statement at line 20: CREATE INDEX idx_adoptions_date ON adoptions(adopted_at)
2025-12-12 17:22:20.542 DEBUG [        ] o.f.c.i.sqlscript.ParserSqlScript        : Found statement at line 22: COMMENT ON TABLE adoptions IS 'Completed adoption records capturing full chain of custody'
2025-12-12 17:22:20.543 DEBUG [        ] o.f.c.i.sqlscript.ParserSqlScript        : Found statement at line 23: COMMENT ON COLUMN adoptions.adopted_at IS 'When the adoption was finalized'
2025-12-12 17:22:20.543 DEBUG [        ] o.f.core.internal.command.DbMigrate      : Starting migration of schema "public" to version "13 - create adoptions table" ...
2025-12-12 17:22:20.543  INFO [        ] o.f.core.internal.command.DbMigrate      : Migrating schema "public" to version "13 - create adoptions table"
2025-12-12 17:22:20.544 DEBUG [        ] o.f.c.i.s.DefaultSqlScriptExecutor       : Executing SQL: -- V13: Create adoptions table
-- Completed adoption records - the successful outcome

CREATE TABLE adoptions (
    id UUID PRIMARY KEY DEFAULT gen_random_uuid(),
    pet_id UUID NOT NULL UNIQUE REFERENCES pets(id),
    foster_id UUID NOT NULL REFERENCES fosters(id),
    adopter_id UUID NOT NULL REFERENCES adopters(id),
    rescue_org_id UUID NOT NULL REFERENCES rescue_organizations(id),
    vet_id UUID NOT NULL REFERENCES vets(id),
    application_id UUID NOT NULL REFERENCES adoption_applications(id),
    adopted_at TIMESTAMP WITH TIME ZONE NOT NULL DEFAULT CURRENT_TIMESTAMP
)
2025-12-12 17:22:20.557 DEBUG [        ] o.f.c.i.s.DefaultSqlScriptExecutor       : 0 rows affected
2025-12-12 17:22:20.557 DEBUG [        ] o.f.c.i.s.DefaultSqlScriptExecutor       : Executing SQL: -- Indexes
CREATE INDEX idx_adoptions_pet ON adoptions(pet_id)
2025-12-12 17:22:20.563 DEBUG [        ] o.f.c.i.s.DefaultSqlScriptExecutor       : 0 rows affected
2025-12-12 17:22:20.563 DEBUG [        ] o.f.c.i.s.DefaultSqlScriptExecutor       : Executing SQL: CREATE INDEX idx_adoptions_foster ON adoptions(foster_id)
2025-12-12 17:22:20.571 DEBUG [        ] o.f.c.i.s.DefaultSqlScriptExecutor       : 0 rows affected
2025-12-12 17:22:20.571 DEBUG [        ] o.f.c.i.s.DefaultSqlScriptExecutor       : Executing SQL: CREATE INDEX idx_adoptions_adopter ON adoptions(adopter_id)
2025-12-12 17:22:20.579 DEBUG [        ] o.f.c.i.s.DefaultSqlScriptExecutor       : 0 rows affected
2025-12-12 17:22:20.579 DEBUG [        ] o.f.c.i.s.DefaultSqlScriptExecutor       : Executing SQL: CREATE INDEX idx_adoptions_rescue_org ON adoptions(rescue_org_id)
2025-12-12 17:22:20.587 DEBUG [        ] o.f.c.i.s.DefaultSqlScriptExecutor       : 0 rows affected
2025-12-12 17:22:20.588 DEBUG [        ] o.f.c.i.s.DefaultSqlScriptExecutor       : Executing SQL: CREATE INDEX idx_adoptions_date ON adoptions(adopted_at)
2025-12-12 17:22:20.599 DEBUG [        ] o.f.c.i.s.DefaultSqlScriptExecutor       : 0 rows affected
2025-12-12 17:22:20.599 DEBUG [        ] o.f.c.i.s.DefaultSqlScriptExecutor       : Executing SQL: COMMENT ON TABLE adoptions IS 'Completed adoption records capturing full chain of custody'
2025-12-12 17:22:20.599 DEBUG [        ] o.f.c.i.s.DefaultSqlScriptExecutor       : 0 rows affected
2025-12-12 17:22:20.599 DEBUG [        ] o.f.c.i.s.DefaultSqlScriptExecutor       : Executing SQL: COMMENT ON COLUMN adoptions.adopted_at IS 'When the adoption was finalized'
2025-12-12 17:22:20.600 DEBUG [        ] o.f.c.i.s.DefaultSqlScriptExecutor       : 0 rows affected
2025-12-12 17:22:20.600 DEBUG [        ] o.f.core.internal.command.DbMigrate      : Successfully completed migration of schema "public" to version "13 - create adoptions table"
2025-12-12 17:22:20.601 DEBUG [        ] o.f.c.i.s.JdbcTableSchemaHistory         : Schema History table "public"."flyway_schema_history" successfully updated to reflect changes
2025-12-12 17:22:20.608 DEBUG [        ] o.f.c.a.c.ClassicConfiguration           : CherryPickConfigurationExtension not found
2025-12-12 17:22:20.609 DEBUG [        ] o.flywaydb.core.internal.parser.Parser   : Parsing V14__create_favorites_table.sql ...
2025-12-12 17:22:20.609 DEBUG [        ] o.f.c.i.sqlscript.ParserSqlScript        : Found statement at line 4: -- V14: Create favorites table
-- Pets that adopters have saved for later

CREATE TABLE favorites (
    id UUID PRIMARY KEY DEFAULT gen_random_uuid(),
    adopter_id UUID NOT NULL REFERENCES adopters(id) ON DELETE CASCADE,
    pet_id UUID NOT NULL REFERENCES pets(id) ON DELETE CASCADE,
    created_at TIMESTAMP WITH TIME ZONE NOT NULL DEFAULT CURRENT_TIMESTAMP,

    CONSTRAINT uq_favorites_adopter_pet UNIQUE (adopter_id, pet_id)
)
2025-12-12 17:22:20.609 DEBUG [        ] o.f.c.i.sqlscript.ParserSqlScript        : Found statement at line 14: -- Indexes
CREATE INDEX idx_favorites_adopter ON favorites(adopter_id)
2025-12-12 17:22:20.610 DEBUG [        ] o.f.c.i.sqlscript.ParserSqlScript        : Found statement at line 15: CREATE INDEX idx_favorites_pet ON favorites(pet_id)
2025-12-12 17:22:20.610 DEBUG [        ] o.f.c.i.sqlscript.ParserSqlScript        : Found statement at line 17: COMMENT ON TABLE favorites IS 'Adopter saved/favorited pets'
2025-12-12 17:22:20.610 DEBUG [        ] o.f.core.internal.command.DbMigrate      : Starting migration of schema "public" to version "14 - create favorites table" ...
2025-12-12 17:22:20.610  INFO [        ] o.f.core.internal.command.DbMigrate      : Migrating schema "public" to version "14 - create favorites table"
2025-12-12 17:22:20.611 DEBUG [        ] o.f.c.i.s.DefaultSqlScriptExecutor       : Executing SQL: -- V14: Create favorites table
-- Pets that adopters have saved for later

CREATE TABLE favorites (
    id UUID PRIMARY KEY DEFAULT gen_random_uuid(),
    adopter_id UUID NOT NULL REFERENCES adopters(id) ON DELETE CASCADE,
    pet_id UUID NOT NULL REFERENCES pets(id) ON DELETE CASCADE,
    created_at TIMESTAMP WITH TIME ZONE NOT NULL DEFAULT CURRENT_TIMESTAMP,

    CONSTRAINT uq_favorites_adopter_pet UNIQUE (adopter_id, pet_id)
)
2025-12-12 17:22:20.627 DEBUG [        ] o.f.c.i.s.DefaultSqlScriptExecutor       : 0 rows affected
2025-12-12 17:22:20.627 DEBUG [        ] o.f.c.i.s.DefaultSqlScriptExecutor       : Executing SQL: -- Indexes
CREATE INDEX idx_favorites_adopter ON favorites(adopter_id)
2025-12-12 17:22:20.637 DEBUG [        ] o.f.c.i.s.DefaultSqlScriptExecutor       : 0 rows affected
2025-12-12 17:22:20.637 DEBUG [        ] o.f.c.i.s.DefaultSqlScriptExecutor       : Executing SQL: CREATE INDEX idx_favorites_pet ON favorites(pet_id)
2025-12-12 17:22:20.644 DEBUG [        ] o.f.c.i.s.DefaultSqlScriptExecutor       : 0 rows affected
2025-12-12 17:22:20.644 DEBUG [        ] o.f.c.i.s.DefaultSqlScriptExecutor       : Executing SQL: COMMENT ON TABLE favorites IS 'Adopter saved/favorited pets'
2025-12-12 17:22:20.645 DEBUG [        ] o.f.c.i.s.DefaultSqlScriptExecutor       : 0 rows affected
2025-12-12 17:22:20.645 DEBUG [        ] o.f.core.internal.command.DbMigrate      : Successfully completed migration of schema "public" to version "14 - create favorites table"
2025-12-12 17:22:20.646 DEBUG [        ] o.f.c.i.s.JdbcTableSchemaHistory         : Schema History table "public"."flyway_schema_history" successfully updated to reflect changes
2025-12-12 17:22:20.653 DEBUG [        ] o.f.c.a.c.ClassicConfiguration           : CherryPickConfigurationExtension not found
2025-12-12 17:22:20.654 DEBUG [        ] o.flywaydb.core.internal.parser.Parser   : Parsing V15__create_notifications_table.sql ...
2025-12-12 17:22:20.654 DEBUG [        ] o.f.c.i.sqlscript.ParserSqlScript        : Found statement at line 4: -- V15: Create notifications table
-- System messages to users

CREATE TABLE notifications (
    id UUID PRIMARY KEY DEFAULT gen_random_uuid(),
    user_id UUID NOT NULL REFERENCES app_users(id) ON DELETE CASCADE,
    type VARCHAR(50) NOT NULL,
    title VARCHAR(255) NOT NULL,
    message TEXT NOT NULL,
    link VARCHAR(500),
    read BOOLEAN NOT NULL DEFAULT FALSE,
    created_at TIMESTAMP WITH TIME ZONE NOT NULL DEFAULT CURRENT_TIMESTAMP,

    -- Constraints
    CONSTRAINT chk_notifications_type CHECK (type IN ('STATUS_CHANGE', 'NEW_APPLICATION', 'APPLICATION_UPDATE', 'SYSTEM_ALERT'))
)
2025-12-12 17:22:20.654 DEBUG [        ] o.f.c.i.sqlscript.ParserSqlScript        : Found statement at line 19: -- Indexes
CREATE INDEX idx_notifications_user ON notifications(user_id)
2025-12-12 17:22:20.655 DEBUG [        ] o.f.c.i.sqlscript.ParserSqlScript        : Found statement at line 20: CREATE INDEX idx_notifications_unread ON notifications(user_id, read) WHERE read = FALSE
2025-12-12 17:22:20.655 DEBUG [        ] o.f.c.i.sqlscript.ParserSqlScript        : Found statement at line 21: CREATE INDEX idx_notifications_created ON notifications(created_at DESC)
2025-12-12 17:22:20.655 DEBUG [        ] o.f.c.i.sqlscript.ParserSqlScript        : Found statement at line 23: COMMENT ON TABLE notifications IS 'In-app notifications for users'
2025-12-12 17:22:20.655 DEBUG [        ] o.f.c.i.sqlscript.ParserSqlScript        : Found statement at line 24: COMMENT ON COLUMN notifications.type IS 'Category: STATUS_CHANGE, NEW_APPLICATION, APPLICATION_UPDATE, SYSTEM_ALERT'
2025-12-12 17:22:20.655 DEBUG [        ] o.f.c.i.sqlscript.ParserSqlScript        : Found statement at line 25: COMMENT ON COLUMN notifications.link IS 'Deep link to relevant page in the app'
2025-12-12 17:22:20.655 DEBUG [        ] o.f.core.internal.command.DbMigrate      : Starting migration of schema "public" to version "15 - create notifications table" ...
2025-12-12 17:22:20.655  INFO [        ] o.f.core.internal.command.DbMigrate      : Migrating schema "public" to version "15 - create notifications table"
2025-12-12 17:22:20.656 DEBUG [        ] o.f.c.i.s.DefaultSqlScriptExecutor       : Executing SQL: -- V15: Create notifications table
-- System messages to users

CREATE TABLE notifications (
    id UUID PRIMARY KEY DEFAULT gen_random_uuid(),
    user_id UUID NOT NULL REFERENCES app_users(id) ON DELETE CASCADE,
    type VARCHAR(50) NOT NULL,
    title VARCHAR(255) NOT NULL,
    message TEXT NOT NULL,
    link VARCHAR(500),
    read BOOLEAN NOT NULL DEFAULT FALSE,
    created_at TIMESTAMP WITH TIME ZONE NOT NULL DEFAULT CURRENT_TIMESTAMP,

    -- Constraints
    CONSTRAINT chk_notifications_type CHECK (type IN ('STATUS_CHANGE', 'NEW_APPLICATION', 'APPLICATION_UPDATE', 'SYSTEM_ALERT'))
)
2025-12-12 17:22:20.668 DEBUG [        ] o.f.c.i.s.DefaultSqlScriptExecutor       : 0 rows affected
2025-12-12 17:22:20.668 DEBUG [        ] o.f.c.i.s.DefaultSqlScriptExecutor       : Executing SQL: -- Indexes
CREATE INDEX idx_notifications_user ON notifications(user_id)
2025-12-12 17:22:20.675 DEBUG [        ] o.f.c.i.s.DefaultSqlScriptExecutor       : 0 rows affected
2025-12-12 17:22:20.675 DEBUG [        ] o.f.c.i.s.DefaultSqlScriptExecutor       : Executing SQL: CREATE INDEX idx_notifications_unread ON notifications(user_id, read) WHERE read = FALSE
2025-12-12 17:22:20.685 DEBUG [        ] o.f.c.i.s.DefaultSqlScriptExecutor       : 0 rows affected
2025-12-12 17:22:20.685 DEBUG [        ] o.f.c.i.s.DefaultSqlScriptExecutor       : Executing SQL: CREATE INDEX idx_notifications_created ON notifications(created_at DESC)
2025-12-12 17:22:20.693 DEBUG [        ] o.f.c.i.s.DefaultSqlScriptExecutor       : 0 rows affected
2025-12-12 17:22:20.693 DEBUG [        ] o.f.c.i.s.DefaultSqlScriptExecutor       : Executing SQL: COMMENT ON TABLE notifications IS 'In-app notifications for users'
2025-12-12 17:22:20.694 DEBUG [        ] o.f.c.i.s.DefaultSqlScriptExecutor       : 0 rows affected
2025-12-12 17:22:20.694 DEBUG [        ] o.f.c.i.s.DefaultSqlScriptExecutor       : Executing SQL: COMMENT ON COLUMN notifications.type IS 'Category: STATUS_CHANGE, NEW_APPLICATION, APPLICATION_UPDATE, SYSTEM_ALERT'
2025-12-12 17:22:20.694 DEBUG [        ] o.f.c.i.s.DefaultSqlScriptExecutor       : 0 rows affected
2025-12-12 17:22:20.695 DEBUG [        ] o.f.c.i.s.DefaultSqlScriptExecutor       : Executing SQL: COMMENT ON COLUMN notifications.link IS 'Deep link to relevant page in the app'
2025-12-12 17:22:20.695 DEBUG [        ] o.f.c.i.s.DefaultSqlScriptExecutor       : 0 rows affected
2025-12-12 17:22:20.695 DEBUG [        ] o.f.core.internal.command.DbMigrate      : Successfully completed migration of schema "public" to version "15 - create notifications table"
2025-12-12 17:22:20.698 DEBUG [        ] o.f.c.i.s.JdbcTableSchemaHistory         : Schema History table "public"."flyway_schema_history" successfully updated to reflect changes
2025-12-12 17:22:20.705 DEBUG [        ] o.f.c.a.c.ClassicConfiguration           : CherryPickConfigurationExtension not found
2025-12-12 17:22:20.706 DEBUG [        ] o.flywaydb.core.internal.parser.Parser   : Parsing V16__restrict_species_to_cats_and_dogs.sql ...
2025-12-12 17:22:20.707 DEBUG [        ] o.f.c.i.sqlscript.ParserSqlScript        : Found statement at line 5: -- V16: Restrict species to cats and dogs only
-- Forever Home now specializes exclusively in cat and dog adoptions

-- Update the species constraint to only allow DOG and CAT
ALTER TABLE pets DROP CONSTRAINT chk_pets_species
2025-12-12 17:22:20.707 DEBUG [        ] o.f.c.i.sqlscript.ParserSqlScript        : Found statement at line 6: ALTER TABLE pets ADD CONSTRAINT chk_pets_species CHECK (species IN ('DOG', 'CAT'))
2025-12-12 17:22:20.707 DEBUG [        ] o.f.c.i.sqlscript.ParserSqlScript        : Found statement at line 8: COMMENT ON TABLE pets IS 'Cats and dogs seeking forever homes'
2025-12-12 17:22:20.707 DEBUG [        ] o.f.core.internal.command.DbMigrate      : Starting migration of schema "public" to version "16 - restrict species to cats and dogs" ...
2025-12-12 17:22:20.708  INFO [        ] o.f.core.internal.command.DbMigrate      : Migrating schema "public" to version "16 - restrict species to cats and dogs"
2025-12-12 17:22:20.708 DEBUG [        ] o.f.c.i.s.DefaultSqlScriptExecutor       : Executing SQL: -- V16: Restrict species to cats and dogs only
-- Forever Home now specializes exclusively in cat and dog adoptions

-- Update the species constraint to only allow DOG and CAT
ALTER TABLE pets DROP CONSTRAINT chk_pets_species
2025-12-12 17:22:20.708 DEBUG [        ] o.f.c.i.s.DefaultSqlScriptExecutor       : 0 rows affected
2025-12-12 17:22:20.708 DEBUG [        ] o.f.c.i.s.DefaultSqlScriptExecutor       : Executing SQL: ALTER TABLE pets ADD CONSTRAINT chk_pets_species CHECK (species IN ('DOG', 'CAT'))
2025-12-12 17:22:20.709 DEBUG [        ] o.f.c.i.s.DefaultSqlScriptExecutor       : 0 rows affected
2025-12-12 17:22:20.709 DEBUG [        ] o.f.c.i.s.DefaultSqlScriptExecutor       : Executing SQL: COMMENT ON TABLE pets IS 'Cats and dogs seeking forever homes'
2025-12-12 17:22:20.709 DEBUG [        ] o.f.c.i.s.DefaultSqlScriptExecutor       : 0 rows affected
2025-12-12 17:22:20.709 DEBUG [        ] o.f.core.internal.command.DbMigrate      : Successfully completed migration of schema "public" to version "16 - restrict species to cats and dogs"
2025-12-12 17:22:20.710 DEBUG [        ] o.f.c.i.s.JdbcTableSchemaHistory         : Schema History table "public"."flyway_schema_history" successfully updated to reflect changes
2025-12-12 17:22:20.715 DEBUG [        ] o.f.c.a.c.ClassicConfiguration           : CherryPickConfigurationExtension not found
2025-12-12 17:22:20.716 DEBUG [        ] o.flywaydb.core.internal.parser.Parser   : Parsing V17__create_vet_approvals_table.sql ...
2025-12-12 17:22:20.716 DEBUG [        ] o.f.c.i.sqlscript.ParserSqlScript        : Found statement at line 4: -- Vet Approvals table: Records which rescue organizations have approved which vets
-- A vet must be approved by a rescue organization before they can verify pets for that org

CREATE TABLE vet_approvals (
    id UUID PRIMARY KEY,
    vet_id UUID NOT NULL REFERENCES vets(id) ON DELETE CASCADE,
    rescue_org_id UUID NOT NULL REFERENCES rescue_organizations(id) ON DELETE CASCADE,
    approved_at TIMESTAMP WITH TIME ZONE NOT NULL DEFAULT CURRENT_TIMESTAMP,
    approved_by UUID NOT NULL REFERENCES app_users(id),

    -- Each vet can only be approved once per rescue organization
    CONSTRAINT uq_vet_approval UNIQUE (vet_id, rescue_org_id)
)
2025-12-12 17:22:20.716 DEBUG [        ] o.f.c.i.sqlscript.ParserSqlScript        : Found statement at line 16: -- Index for looking up all approvals for a vet
CREATE INDEX idx_vet_approvals_vet_id ON vet_approvals(vet_id)
2025-12-12 17:22:20.717 DEBUG [        ] o.f.c.i.sqlscript.ParserSqlScript        : Found statement at line 19: -- Index for looking up all approved vets for a rescue org
CREATE INDEX idx_vet_approvals_rescue_org_id ON vet_approvals(rescue_org_id)
2025-12-12 17:22:20.717 DEBUG [        ] o.f.c.i.sqlscript.ParserSqlScript        : Found statement at line 22: -- Index for approval timestamp (useful for sorting/filtering)
CREATE INDEX idx_vet_approvals_approved_at ON vet_approvals(approved_at)
2025-12-12 17:22:20.717 DEBUG [        ] o.f.c.i.sqlscript.ParserSqlScript        : Found statement at line 24: COMMENT ON TABLE vet_approvals IS 'Records which rescue organizations have approved which vets to verify their pets'
2025-12-12 17:22:20.717 DEBUG [        ] o.f.c.i.sqlscript.ParserSqlScript        : Found statement at line 25: COMMENT ON COLUMN vet_approvals.vet_id IS 'The vet that has been approved'
2025-12-12 17:22:20.717 DEBUG [        ] o.f.c.i.sqlscript.ParserSqlScript        : Found statement at line 26: COMMENT ON COLUMN vet_approvals.rescue_org_id IS 'The rescue organization that approved the vet'
2025-12-12 17:22:20.717 DEBUG [        ] o.f.c.i.sqlscript.ParserSqlScript        : Found statement at line 27: COMMENT ON COLUMN vet_approvals.approved_at IS 'When the approval was granted'
2025-12-12 17:22:20.717 DEBUG [        ] o.f.c.i.sqlscript.ParserSqlScript        : Found statement at line 28: COMMENT ON COLUMN vet_approvals.approved_by IS 'The user (rescue org representative) who approved the vet'
2025-12-12 17:22:20.717 DEBUG [        ] o.f.core.internal.command.DbMigrate      : Starting migration of schema "public" to version "17 - create vet approvals table" ...
2025-12-12 17:22:20.717  INFO [        ] o.f.core.internal.command.DbMigrate      : Migrating schema "public" to version "17 - create vet approvals table"
2025-12-12 17:22:20.717 DEBUG [        ] o.f.c.i.s.DefaultSqlScriptExecutor       : Executing SQL: -- Vet Approvals table: Records which rescue organizations have approved which vets
-- A vet must be approved by a rescue organization before they can verify pets for that org

CREATE TABLE vet_approvals (
    id UUID PRIMARY KEY,
    vet_id UUID NOT NULL REFERENCES vets(id) ON DELETE CASCADE,
    rescue_org_id UUID NOT NULL REFERENCES rescue_organizations(id) ON DELETE CASCADE,
    approved_at TIMESTAMP WITH TIME ZONE NOT NULL DEFAULT CURRENT_TIMESTAMP,
    approved_by UUID NOT NULL REFERENCES app_users(id),

    -- Each vet can only be approved once per rescue organization
    CONSTRAINT uq_vet_approval UNIQUE (vet_id, rescue_org_id)
)
2025-12-12 17:22:20.734 DEBUG [        ] o.f.c.i.s.DefaultSqlScriptExecutor       : 0 rows affected
2025-12-12 17:22:20.734 DEBUG [        ] o.f.c.i.s.DefaultSqlScriptExecutor       : Executing SQL: -- Index for looking up all approvals for a vet
CREATE INDEX idx_vet_approvals_vet_id ON vet_approvals(vet_id)
2025-12-12 17:22:20.742 DEBUG [        ] o.f.c.i.s.DefaultSqlScriptExecutor       : 0 rows affected
2025-12-12 17:22:20.742 DEBUG [        ] o.f.c.i.s.DefaultSqlScriptExecutor       : Executing SQL: -- Index for looking up all approved vets for a rescue org
CREATE INDEX idx_vet_approvals_rescue_org_id ON vet_approvals(rescue_org_id)
2025-12-12 17:22:20.749 DEBUG [        ] o.f.c.i.s.DefaultSqlScriptExecutor       : 0 rows affected
2025-12-12 17:22:20.749 DEBUG [        ] o.f.c.i.s.DefaultSqlScriptExecutor       : Executing SQL: -- Index for approval timestamp (useful for sorting/filtering)
CREATE INDEX idx_vet_approvals_approved_at ON vet_approvals(approved_at)
2025-12-12 17:22:20.758 DEBUG [        ] o.f.c.i.s.DefaultSqlScriptExecutor       : 0 rows affected
2025-12-12 17:22:20.758 DEBUG [        ] o.f.c.i.s.DefaultSqlScriptExecutor       : Executing SQL: COMMENT ON TABLE vet_approvals IS 'Records which rescue organizations have approved which vets to verify their pets'
2025-12-12 17:22:20.758 DEBUG [        ] o.f.c.i.s.DefaultSqlScriptExecutor       : 0 rows affected
2025-12-12 17:22:20.758 DEBUG [        ] o.f.c.i.s.DefaultSqlScriptExecutor       : Executing SQL: COMMENT ON COLUMN vet_approvals.vet_id IS 'The vet that has been approved'
2025-12-12 17:22:20.758 DEBUG [        ] o.f.c.i.s.DefaultSqlScriptExecutor       : 0 rows affected
2025-12-12 17:22:20.758 DEBUG [        ] o.f.c.i.s.DefaultSqlScriptExecutor       : Executing SQL: COMMENT ON COLUMN vet_approvals.rescue_org_id IS 'The rescue organization that approved the vet'
2025-12-12 17:22:20.758 DEBUG [        ] o.f.c.i.s.DefaultSqlScriptExecutor       : 0 rows affected
2025-12-12 17:22:20.758 DEBUG [        ] o.f.c.i.s.DefaultSqlScriptExecutor       : Executing SQL: COMMENT ON COLUMN vet_approvals.approved_at IS 'When the approval was granted'
2025-12-12 17:22:20.758 DEBUG [        ] o.f.c.i.s.DefaultSqlScriptExecutor       : 0 rows affected
2025-12-12 17:22:20.758 DEBUG [        ] o.f.c.i.s.DefaultSqlScriptExecutor       : Executing SQL: COMMENT ON COLUMN vet_approvals.approved_by IS 'The user (rescue org representative) who approved the vet'
2025-12-12 17:22:20.758 DEBUG [        ] o.f.c.i.s.DefaultSqlScriptExecutor       : 0 rows affected
2025-12-12 17:22:20.758 DEBUG [        ] o.f.core.internal.command.DbMigrate      : Successfully completed migration of schema "public" to version "17 - create vet approvals table"
2025-12-12 17:22:20.760 DEBUG [        ] o.f.c.i.s.JdbcTableSchemaHistory         : Schema History table "public"."flyway_schema_history" successfully updated to reflect changes
2025-12-12 17:22:20.765 DEBUG [        ] o.f.c.a.c.ClassicConfiguration           : CherryPickConfigurationExtension not found
2025-12-12 17:22:20.766 DEBUG [        ] o.flywaydb.core.internal.parser.Parser   : Parsing V18__create_pet_status_history_table.sql ...
2025-12-12 17:22:20.766 DEBUG [        ] o.f.c.i.sqlscript.ParserSqlScript        : Found statement at line 2: -- Migration: Create pet_status_history table for tracking status changes
CREATE TABLE pet_status_history (
    id UUID PRIMARY KEY,
    pet_id UUID NOT NULL REFERENCES pets(id) ON DELETE CASCADE,
    from_status VARCHAR(50),
    to_status VARCHAR(50) NOT NULL,
    changed_by UUID REFERENCES app_users(id) ON DELETE SET NULL,
    changed_at TIMESTAMP WITH TIME ZONE NOT NULL DEFAULT NOW(),
    notes TEXT,
    CONSTRAINT chk_valid_from_status CHECK (from_status IS NULL OR from_status IN ('DRAFT', 'PENDING_RESCUE', 'PENDING_VET', 'AVAILABLE', 'IN_PROGRESS', 'ADOPTED', 'WITHDRAWN', 'ON_HOLD')),
    CONSTRAINT chk_valid_to_status CHECK (to_status IN ('DRAFT', 'PENDING_RESCUE', 'PENDING_VET', 'AVAILABLE', 'IN_PROGRESS', 'ADOPTED', 'WITHDRAWN', 'ON_HOLD'))
)
2025-12-12 17:22:20.766 DEBUG [        ] o.f.c.i.sqlscript.ParserSqlScript        : Found statement at line 14: CREATE INDEX idx_pet_status_history_pet_id ON pet_status_history(pet_id)
2025-12-12 17:22:20.766 DEBUG [        ] o.f.c.i.sqlscript.ParserSqlScript        : Found statement at line 15: CREATE INDEX idx_pet_status_history_changed_at ON pet_status_history(changed_at)
2025-12-12 17:22:20.766 DEBUG [        ] o.f.core.internal.command.DbMigrate      : Starting migration of schema "public" to version "18 - create pet status history table" ...
2025-12-12 17:22:20.767  INFO [        ] o.f.core.internal.command.DbMigrate      : Migrating schema "public" to version "18 - create pet status history table"
2025-12-12 17:22:20.767 DEBUG [        ] o.f.c.i.s.DefaultSqlScriptExecutor       : Executing SQL: -- Migration: Create pet_status_history table for tracking status changes
CREATE TABLE pet_status_history (
    id UUID PRIMARY KEY,
    pet_id UUID NOT NULL REFERENCES pets(id) ON DELETE CASCADE,
    from_status VARCHAR(50),
    to_status VARCHAR(50) NOT NULL,
    changed_by UUID REFERENCES app_users(id) ON DELETE SET NULL,
    changed_at TIMESTAMP WITH TIME ZONE NOT NULL DEFAULT NOW(),
    notes TEXT,
    CONSTRAINT chk_valid_from_status CHECK (from_status IS NULL OR from_status IN ('DRAFT', 'PENDING_RESCUE', 'PENDING_VET', 'AVAILABLE', 'IN_PROGRESS', 'ADOPTED', 'WITHDRAWN', 'ON_HOLD')),
    CONSTRAINT chk_valid_to_status CHECK (to_status IN ('DRAFT', 'PENDING_RESCUE', 'PENDING_VET', 'AVAILABLE', 'IN_PROGRESS', 'ADOPTED', 'WITHDRAWN', 'ON_HOLD'))
)
2025-12-12 17:22:20.781 DEBUG [        ] o.f.c.i.s.DefaultSqlScriptExecutor       : 0 rows affected
2025-12-12 17:22:20.781 DEBUG [        ] o.f.c.i.s.DefaultSqlScriptExecutor       : Executing SQL: CREATE INDEX idx_pet_status_history_pet_id ON pet_status_history(pet_id)
2025-12-12 17:22:20.790 DEBUG [        ] o.f.c.i.s.DefaultSqlScriptExecutor       : 0 rows affected
2025-12-12 17:22:20.790 DEBUG [        ] o.f.c.i.s.DefaultSqlScriptExecutor       : Executing SQL: CREATE INDEX idx_pet_status_history_changed_at ON pet_status_history(changed_at)
2025-12-12 17:22:20.798 DEBUG [        ] o.f.c.i.s.DefaultSqlScriptExecutor       : 0 rows affected
2025-12-12 17:22:20.798 DEBUG [        ] o.f.core.internal.command.DbMigrate      : Successfully completed migration of schema "public" to version "18 - create pet status history table"
2025-12-12 17:22:20.800 DEBUG [        ] o.f.c.i.s.JdbcTableSchemaHistory         : Schema History table "public"."flyway_schema_history" successfully updated to reflect changes
2025-12-12 17:22:20.806 DEBUG [        ] o.f.c.a.c.ClassicConfiguration           : CherryPickConfigurationExtension not found
2025-12-12 17:22:20.807 DEBUG [        ] o.flywaydb.core.internal.parser.Parser   : Parsing V19__create_content_moderation_tables.sql ...
2025-12-12 17:22:20.808 DEBUG [        ] o.f.c.i.sqlscript.ParserSqlScript        : Found statement at line 2: -- Content flags for reporting inappropriate content
CREATE TABLE IF NOT EXISTS content_flags (
    id UUID PRIMARY KEY,
    content_type VARCHAR(50) NOT NULL,
    content_id UUID NOT NULL,
    reporter_id UUID REFERENCES app_users(id),
    reason VARCHAR(50) NOT NULL,
    description TEXT,
    status VARCHAR(20) NOT NULL DEFAULT 'PENDING',
    reviewed_by UUID REFERENCES app_users(id),
    reviewed_at TIMESTAMP WITH TIME ZONE,
    resolution_notes TEXT,
    created_at TIMESTAMP WITH TIME ZONE NOT NULL DEFAULT NOW()
)
2025-12-12 17:22:20.808 DEBUG [        ] o.f.c.i.sqlscript.ParserSqlScript        : Found statement at line 17: -- Audit log for tracking administrative actions
CREATE TABLE IF NOT EXISTS audit_logs (
    id UUID PRIMARY KEY,
    action VARCHAR(50) NOT NULL,
    entity_type VARCHAR(50),
    entity_id UUID,
    actor_id UUID REFERENCES app_users(id),
    details TEXT,
    ip_address VARCHAR(45),
    created_at TIMESTAMP WITH TIME ZONE NOT NULL DEFAULT NOW()
)
2025-12-12 17:22:20.808 DEBUG [        ] o.f.c.i.sqlscript.ParserSqlScript        : Found statement at line 29: -- Indexes for efficient querying
CREATE INDEX idx_content_flags_status ON content_flags(status)
2025-12-12 17:22:20.808 DEBUG [        ] o.f.c.i.sqlscript.ParserSqlScript        : Found statement at line 30: CREATE INDEX idx_content_flags_content ON content_flags(content_type, content_id)
2025-12-12 17:22:20.808 DEBUG [        ] o.f.c.i.sqlscript.ParserSqlScript        : Found statement at line 31: CREATE INDEX idx_content_flags_created ON content_flags(created_at)
2025-12-12 17:22:20.808 DEBUG [        ] o.f.c.i.sqlscript.ParserSqlScript        : Found statement at line 32: CREATE INDEX idx_audit_logs_created ON audit_logs(created_at)
2025-12-12 17:22:20.808 DEBUG [        ] o.f.c.i.sqlscript.ParserSqlScript        : Found statement at line 33: CREATE INDEX idx_audit_logs_actor ON audit_logs(actor_id)
2025-12-12 17:22:20.808 DEBUG [        ] o.f.c.i.sqlscript.ParserSqlScript        : Found statement at line 34: CREATE INDEX idx_audit_logs_action ON audit_logs(action)
2025-12-12 17:22:20.808 DEBUG [        ] o.f.core.internal.command.DbMigrate      : Starting migration of schema "public" to version "19 - create content moderation tables" ...
2025-12-12 17:22:20.809  INFO [        ] o.f.core.internal.command.DbMigrate      : Migrating schema "public" to version "19 - create content moderation tables"
2025-12-12 17:22:20.809 DEBUG [        ] o.f.c.i.s.DefaultSqlScriptExecutor       : Executing SQL: -- Content flags for reporting inappropriate content
CREATE TABLE IF NOT EXISTS content_flags (
    id UUID PRIMARY KEY,
    content_type VARCHAR(50) NOT NULL,
    content_id UUID NOT NULL,
    reporter_id UUID REFERENCES app_users(id),
    reason VARCHAR(50) NOT NULL,
    description TEXT,
    status VARCHAR(20) NOT NULL DEFAULT 'PENDING',
    reviewed_by UUID REFERENCES app_users(id),
    reviewed_at TIMESTAMP WITH TIME ZONE,
    resolution_notes TEXT,
    created_at TIMESTAMP WITH TIME ZONE NOT NULL DEFAULT NOW()
)
2025-12-12 17:22:20.826 DEBUG [        ] o.f.c.i.s.DefaultSqlScriptExecutor       : 0 rows affected
2025-12-12 17:22:20.826 DEBUG [        ] o.f.c.i.s.DefaultSqlScriptExecutor       : Executing SQL: -- Audit log for tracking administrative actions
CREATE TABLE IF NOT EXISTS audit_logs (
    id UUID PRIMARY KEY,
    action VARCHAR(50) NOT NULL,
    entity_type VARCHAR(50),
    entity_id UUID,
    actor_id UUID REFERENCES app_users(id),
    details TEXT,
    ip_address VARCHAR(45),
    created_at TIMESTAMP WITH TIME ZONE NOT NULL DEFAULT NOW()
)
2025-12-12 17:22:20.843 DEBUG [        ] o.f.c.i.s.DefaultSqlScriptExecutor       : 0 rows affected
2025-12-12 17:22:20.843 DEBUG [        ] o.f.c.i.s.DefaultSqlScriptExecutor       : Executing SQL: -- Indexes for efficient querying
CREATE INDEX idx_content_flags_status ON content_flags(status)
2025-12-12 17:22:20.851 DEBUG [        ] o.f.c.i.s.DefaultSqlScriptExecutor       : 0 rows affected
2025-12-12 17:22:20.851 DEBUG [        ] o.f.c.i.s.DefaultSqlScriptExecutor       : Executing SQL: CREATE INDEX idx_content_flags_content ON content_flags(content_type, content_id)
2025-12-12 17:22:20.860 DEBUG [        ] o.f.c.i.s.DefaultSqlScriptExecutor       : 0 rows affected
2025-12-12 17:22:20.861 DEBUG [        ] o.f.c.i.s.DefaultSqlScriptExecutor       : Executing SQL: CREATE INDEX idx_content_flags_created ON content_flags(created_at)
2025-12-12 17:22:20.867 DEBUG [        ] o.f.c.i.s.DefaultSqlScriptExecutor       : 0 rows affected
2025-12-12 17:22:20.867 DEBUG [        ] o.f.c.i.s.DefaultSqlScriptExecutor       : Executing SQL: CREATE INDEX idx_audit_logs_created ON audit_logs(created_at)
2025-12-12 17:22:20.874 DEBUG [        ] o.f.c.i.s.DefaultSqlScriptExecutor       : 0 rows affected
2025-12-12 17:22:20.875 DEBUG [        ] o.f.c.i.s.DefaultSqlScriptExecutor       : Executing SQL: CREATE INDEX idx_audit_logs_actor ON audit_logs(actor_id)
2025-12-12 17:22:20.882 DEBUG [        ] o.f.c.i.s.DefaultSqlScriptExecutor       : 0 rows affected
2025-12-12 17:22:20.882 DEBUG [        ] o.f.c.i.s.DefaultSqlScriptExecutor       : Executing SQL: CREATE INDEX idx_audit_logs_action ON audit_logs(action)
2025-12-12 17:22:20.891 DEBUG [        ] o.f.c.i.s.DefaultSqlScriptExecutor       : 0 rows affected
2025-12-12 17:22:20.891 DEBUG [        ] o.f.core.internal.command.DbMigrate      : Successfully completed migration of schema "public" to version "19 - create content moderation tables"
2025-12-12 17:22:20.894 DEBUG [        ] o.f.c.i.s.JdbcTableSchemaHistory         : Schema History table "public"."flyway_schema_history" successfully updated to reflect changes
2025-12-12 17:22:20.904 DEBUG [        ] o.f.c.a.c.ClassicConfiguration           : CherryPickConfigurationExtension not found
2025-12-12 17:22:20.907 DEBUG [        ] o.flywaydb.core.internal.parser.Parser   : Parsing V20__fix_adoption_applications_nullable_columns.sql ...
2025-12-12 17:22:20.908 DEBUG [        ] o.f.c.i.sqlscript.ParserSqlScript        : Found statement at line 5: -- V20: Fix adoption applications nullable columns
-- The simple application flow only requires a message (why_adopt), not all fields
-- Make living_situation and pet_experience nullable to support the simple flow

ALTER TABLE adoption_applications
    ALTER COLUMN living_situation DROP NOT NULL,
    ALTER COLUMN pet_experience DROP NOT NULL,
    ALTER COLUMN why_adopt DROP NOT NULL
2025-12-12 17:22:20.908 DEBUG [        ] o.f.c.i.sqlscript.ParserSqlScript        : Found statement at line 10: COMMENT ON COLUMN adoption_applications.living_situation IS 'Optional: Adopter living situation details'
2025-12-12 17:22:20.908 DEBUG [        ] o.f.c.i.sqlscript.ParserSqlScript        : Found statement at line 11: COMMENT ON COLUMN adoption_applications.pet_experience IS 'Optional: Prior pet experience'
2025-12-12 17:22:20.908 DEBUG [        ] o.f.c.i.sqlscript.ParserSqlScript        : Found statement at line 12: COMMENT ON COLUMN adoption_applications.why_adopt IS 'Optional: Motivation for wanting to adopt this pet'
2025-12-12 17:22:20.908 DEBUG [        ] o.f.core.internal.command.DbMigrate      : Starting migration of schema "public" to version "20 - fix adoption applications nullable columns" ...
2025-12-12 17:22:20.910  INFO [        ] o.f.core.internal.command.DbMigrate      : Migrating schema "public" to version "20 - fix adoption applications nullable columns"
2025-12-12 17:22:20.910 DEBUG [        ] o.f.c.i.s.DefaultSqlScriptExecutor       : Executing SQL: -- V20: Fix adoption applications nullable columns
-- The simple application flow only requires a message (why_adopt), not all fields
-- Make living_situation and pet_experience nullable to support the simple flow

ALTER TABLE adoption_applications
    ALTER COLUMN living_situation DROP NOT NULL,
    ALTER COLUMN pet_experience DROP NOT NULL,
    ALTER COLUMN why_adopt DROP NOT NULL
2025-12-12 17:22:20.911 DEBUG [        ] o.f.c.i.s.DefaultSqlScriptExecutor       : 0 rows affected
2025-12-12 17:22:20.911 DEBUG [        ] o.f.c.i.s.DefaultSqlScriptExecutor       : Executing SQL: COMMENT ON COLUMN adoption_applications.living_situation IS 'Optional: Adopter living situation details'
2025-12-12 17:22:20.911 DEBUG [        ] o.f.c.i.s.DefaultSqlScriptExecutor       : 0 rows affected
2025-12-12 17:22:20.911 DEBUG [        ] o.f.c.i.s.DefaultSqlScriptExecutor       : Executing SQL: COMMENT ON COLUMN adoption_applications.pet_experience IS 'Optional: Prior pet experience'
2025-12-12 17:22:20.911 DEBUG [        ] o.f.c.i.s.DefaultSqlScriptExecutor       : 0 rows affected
2025-12-12 17:22:20.911 DEBUG [        ] o.f.c.i.s.DefaultSqlScriptExecutor       : Executing SQL: COMMENT ON COLUMN adoption_applications.why_adopt IS 'Optional: Motivation for wanting to adopt this pet'
2025-12-12 17:22:20.912 DEBUG [        ] o.f.c.i.s.DefaultSqlScriptExecutor       : 0 rows affected
2025-12-12 17:22:20.912 DEBUG [        ] o.f.core.internal.command.DbMigrate      : Successfully completed migration of schema "public" to version "20 - fix adoption applications nullable columns"
2025-12-12 17:22:20.914 DEBUG [        ] o.f.c.i.s.JdbcTableSchemaHistory         : Schema History table "public"."flyway_schema_history" successfully updated to reflect changes
2025-12-12 17:22:20.921 DEBUG [        ] o.f.c.a.c.ClassicConfiguration           : CherryPickConfigurationExtension not found
2025-12-12 17:22:20.923 DEBUG [        ] o.flywaydb.core.internal.parser.Parser   : Parsing V21__verify_test_rescue_organization.sql ...
2025-12-12 17:22:20.923 DEBUG [        ] o.f.c.i.sqlscript.ParserSqlScript        : Found statement at line 5: -- V21: Verify test rescue organization
-- The test rescue org was created without verified=true, so it doesn't appear in public listings
-- This migration fixes existing data

UPDATE rescue_organizations
SET verified = true
WHERE name = 'Test Rescue Organization'
2025-12-12 17:22:20.923 DEBUG [        ] o.f.core.internal.command.DbMigrate      : Starting migration of schema "public" to version "21 - verify test rescue organization" ...
2025-12-12 17:22:20.924  INFO [        ] o.f.core.internal.command.DbMigrate      : Migrating schema "public" to version "21 - verify test rescue organization"
2025-12-12 17:22:20.925 DEBUG [        ] o.f.c.i.s.DefaultSqlScriptExecutor       : Executing SQL: -- V21: Verify test rescue organization
-- The test rescue org was created without verified=true, so it doesn't appear in public listings
-- This migration fixes existing data

UPDATE rescue_organizations
SET verified = true
WHERE name = 'Test Rescue Organization'
2025-12-12 17:22:20.927 DEBUG [        ] o.f.c.i.s.DefaultSqlScriptExecutor       : 0 rows affected
2025-12-12 17:22:20.927 DEBUG [        ] o.f.core.internal.command.DbMigrate      : Successfully completed migration of schema "public" to version "21 - verify test rescue organization"
2025-12-12 17:22:20.929 DEBUG [        ] o.f.c.i.s.JdbcTableSchemaHistory         : Schema History table "public"."flyway_schema_history" successfully updated to reflect changes
2025-12-12 17:22:20.932 DEBUG [        ] o.f.c.a.c.ClassicConfiguration           : CherryPickConfigurationExtension not found
2025-12-12 17:22:20.936  INFO [        ] o.f.core.internal.command.DbMigrate      : Successfully applied 21 migrations to schema "public", now at version v21 (execution time 00:00.955s)
2025-12-12 17:22:20.938 DEBUG [        ] org.flywaydb.core.FlywayExecutor         : Memory usage: 116 of 136M
2025-12-12 17:22:20.942  INFO [        ] c.e.f.config.FlywayMigrationRunner       : Flyway migrations completed
2025-12-12 17:22:21.117  INFO [        ] o.s.b.w.a.WelcomePageHandlerMapping      : Adding welcome page: class path resource [static/index.html]
2025-12-12 17:22:21.324  INFO [        ] o.s.b.a.e.web.EndpointLinksResolver      : Exposing 4 endpoints beneath base path '/actuator'
2025-12-12 17:22:21.357  INFO [        ] o.s.boot.tomcat.TomcatWebServer          : Tomcat started on port 8080 (http) with context path '/'
2025-12-12 17:22:21.361  INFO [        ] c.e.foreverhome.ForeverHomeApplication   : Started ForeverHomeApplication in 3.596 seconds (process running for 3.776)
2025-12-12 17:22:21.388  INFO [        ] c.e.foreverhome.config.TestDataSeeder    : Test mode enabled - checking if database is ready for seeding
2025-12-12 17:22:21.390  INFO [        ] c.e.foreverhome.config.TestDataSeeder    : Database schema ready - seeding test accounts
2025-12-12 17:22:21.486  INFO [        ] c.e.foreverhome.config.TestDataSeeder    : Created test account with profile: admin@test.com (ADMIN)
2025-12-12 17:22:21.494  INFO [        ] c.e.foreverhome.config.TestDataSeeder    : Created test account with profile: foster@test.com (FOSTER)
2025-12-12 17:22:21.501  INFO [        ] c.e.foreverhome.config.TestDataSeeder    : Created test account with profile: adopter@test.com (ADOPTER)
2025-12-12 17:22:21.506  INFO [        ] c.e.foreverhome.config.TestDataSeeder    : Created test account with profile: vet@test.com (VET)
2025-12-12 17:22:21.515  INFO [        ] c.e.foreverhome.config.TestDataSeeder    : Created test account with profile: rescue@test.com (RESCUE_ORG)
2025-12-12 17:22:21.515  INFO [        ] c.e.foreverhome.config.TestDataSeeder    : Test account seeding complete. All accounts use password: password123
2025-12-12 17:22:21.516  INFO [        ] c.e.foreverhome.config.TestDataSeeder    : Seeding sample pets...
2025-12-12 17:22:21.541  INFO [        ] c.e.foreverhome.config.TestDataSeeder    : Created 8 sample pets with various statuses
2025-12-12 17:22:35.826  INFO [        ] o.a.c.c.C.[Tomcat].[localhost].[/]       : Initializing Spring DispatcherServlet 'dispatcherServlet'
2025-12-12 17:22:41.447  INFO [b9830faa] c.e.foreverhome.service.AuthService      : Auto-activated user upload.test@example.com (app.email.verification.auto-activate=true)
2025-12-12 17:22:41.452  INFO [b9830faa] c.e.foreverhome.service.AuthService      : Auto-created Foster profile for user 02bfb48b-7d10-4de4-be95-cea2d0d9d321
2025-12-12 17:22:41.471  WARN [b9830faa] i.m.p.PrometheusMeterRegistry            : The meter (MeterId{name='foreverhome.emails.sent', tags=[tag(application=forever-home),tag(type=welcome)]}) registration has failed: Prometheus requires that all meters with the same name have the same set of tag keys. There is already an existing meter named 'foreverhome_emails_sent' containing tag keys [application]. The meter you are attempting to register has keys [application, type]. Note that subsequent logs will be logged at debug level.
2025-12-12 17:22:41.472  INFO [b9830faa] c.e.f.logging.UserJourneyLogger          : [EMAIL_SENT] welcome to upload.test@example.com - Subject: Welcome to Forever Home!
2025-12-12 17:22:41.472  INFO [b9830faa] c.e.f.service.SmtpEmailService           : Email sent to upload.test@example.com: Welcome to Forever Home! (view at http://localhost:8025)
2025-12-12 17:22:41.472  INFO [b9830faa] c.e.f.logging.UserJourneyLogger          : [USER_REGISTER] Success: upload.test@example.com - User registered with role FOSTER
2025-12-12 17:22:41.479  INFO [b9830faa] c.e.foreverhome.logging.LoggingFilter    : Request completed: POST /api/auth/register - 201 (123ms)
2025-12-12 17:22:45.559  INFO [4cbdad24] c.e.f.logging.UserJourneyLogger          : [USER_LOGIN] Success: upload.test@example.com - Login successful as FOSTER
2025-12-12 17:22:45.568  INFO [4cbdad24] c.e.foreverhome.logging.LoggingFilter    : Request completed: POST /api/auth/login - 200 (102ms)
2025-12-12 17:22:51.690  INFO [83c541ba] c.e.foreverhome.logging.LoggingFilter    : Request completed: GET /api/notifications/unread/count - 200 (8ms)
2025-12-12 17:22:52.984  INFO [2463185f] c.e.foreverhome.logging.LoggingFilter    : Request completed: POST /api/pets - 201 (33ms)
2025-12-12 17:23:01.965  INFO [481b6348] c.e.f.service.S3StorageService           : Uploading file to S3: bucket=forever-home-images, key=pets/65a0c4c9-4504-4c11-b77b-c0ea09139d97/9098814a-ac27-4d56-b8f3-f3b95eb95a32.png, contentType=image/png, size=1536505
2025-12-12 17:23:02.066  INFO [481b6348] c.e.f.service.S3StorageService           : Successfully uploaded file to S3: http://localhost:4566/forever-home-images/pets/65a0c4c9-4504-4c11-b77b-c0ea09139d97/9098814a-ac27-4d56-b8f3-f3b95eb95a32.png
2025-12-12 17:23:02.084  INFO [481b6348] c.e.foreverhome.logging.LoggingFilter    : Request completed: POST /api/pets/65a0c4c9-4504-4c11-b77b-c0ea09139d97/images - 201 (141ms)
2025-12-12 17:23:12.245  INFO [97119616] c.e.foreverhome.logging.LoggingFilter    : Request completed: GET /api/notifications/unread/count - 200 (4ms)
2025-12-12 17:23:12.414  INFO [f5d9e265] c.e.foreverhome.logging.LoggingFilter    : Request completed: GET /api/stats - 200 (8ms)
2025-12-12 17:23:12.415  INFO [b240b529] c.e.foreverhome.logging.LoggingFilter    : Request completed: GET /api/pets/featured - 200 (9ms)
2025-12-12 17:23:12.416  INFO [963ff675] c.e.foreverhome.logging.LoggingFilter    : Request completed: GET /api/notifications/unread/count - 200 (2ms)
2025-12-12 17:23:12.419  INFO [38f908cc] c.e.foreverhome.logging.LoggingFilter    : Request completed: GET /api/stats - 200 (2ms)
2025-12-12 17:23:12.420  INFO [c12d9278] c.e.foreverhome.logging.LoggingFilter    : Request completed: GET /api/notifications/unread/count - 200 (2ms)
2025-12-12 17:23:12.423  INFO [703d251e] c.e.foreverhome.logging.LoggingFilter    : Request completed: GET /api/pets/featured - 200 (6ms)
2025-12-12 17:23:22.209  INFO [f9815a52] c.e.foreverhome.logging.LoggingFilter    : Request completed: POST /api/auth/logout - 204 (5ms)
2025-12-12 17:23:28.534  INFO [8978537f] c.e.foreverhome.logging.LoggingFilter    : Request completed: GET /api/dev/test-accounts - 200 (3ms)
2025-12-12 17:23:28.537  INFO [81ba4a75] c.e.foreverhome.logging.LoggingFilter    : Request completed: GET /api/dev/test-accounts - 200 (1ms)
2025-12-12 17:23:36.723  INFO [61e6e6a3] c.e.f.logging.UserJourneyLogger          : [USER_LOGIN] Success: upload.test@example.com - Login successful as FOSTER
2025-12-12 17:23:36.726  INFO [61e6e6a3] c.e.foreverhome.logging.LoggingFilter    : Request completed: POST /api/auth/login - 200 (55ms)
2025-12-12 17:23:36.747  INFO [2ec4f48f] c.e.foreverhome.logging.LoggingFilter    : Request completed: GET /api/notifications/unread/count - 200 (2ms)
2025-12-12 17:23:36.750  INFO [f8b3cabe] c.e.foreverhome.logging.LoggingFilter    : Request completed: GET /api/notifications/unread/count - 200 (1ms)
2025-12-12 17:23:36.750  INFO [4febfc85] c.e.foreverhome.logging.LoggingFilter    : Request completed: GET /api/stats - 200 (2ms)
2025-12-12 17:23:36.754  INFO [216152cb] c.e.foreverhome.logging.LoggingFilter    : Request completed: GET /api/stats - 200 (1ms)
2025-12-12 17:23:36.754  INFO [226104d3] c.e.foreverhome.logging.LoggingFilter    : Request completed: GET /api/pets/featured - 200 (6ms)
2025-12-12 17:23:36.759  INFO [4deb7fea] c.e.foreverhome.logging.LoggingFilter    : Request completed: GET /api/pets/featured - 200 (3ms)
2025-12-12 17:23:42.939  INFO [6bcd84d0] c.e.foreverhome.logging.LoggingFilter    : Request completed: GET /api/pets/my - 200 (7ms)
2025-12-12 17:23:42.946  INFO [ca95bbbd] c.e.foreverhome.logging.LoggingFilter    : Request completed: GET /api/pets/my - 200 (5ms)
2025-12-12 17:23:50.308  INFO [ce0abbe6] c.e.foreverhome.logging.LoggingFilter    : Request completed: GET /api/pets/65a0c4c9-4504-4c11-b77b-c0ea09139d97 - 200 (3ms)
2025-12-12 17:23:50.308  INFO [b20e714b] c.e.foreverhome.logging.LoggingFilter    : Request completed: GET /api/pets/65a0c4c9-4504-4c11-b77b-c0ea09139d97/images - 200 (3ms)
2025-12-12 17:23:50.311  INFO [0f28b81a] c.e.foreverhome.logging.LoggingFilter    : Request completed: GET /api/pets/65a0c4c9-4504-4c11-b77b-c0ea09139d97/images - 200 (1ms)
2025-12-12 17:23:50.312  INFO [63336135] c.e.foreverhome.logging.LoggingFilter    : Request completed: GET /api/pets/65a0c4c9-4504-4c11-b77b-c0ea09139d97 - 200 (2ms)
2025-12-12 17:23:51.667  WARN [        ] c.e.f.security.JwtTokenProvider          : Expired JWT token: JWT expired 665 milliseconds ago at 2025-12-12T17:23:51.000Z. Current time: 2025-12-12T17:23:51.665Z. Allowed clock skew: 0 milliseconds.
2025-12-12 17:24:03.185  INFO [77f45627] c.e.f.service.S3StorageService           : Uploading file to S3: bucket=forever-home-images, key=pets/65a0c4c9-4504-4c11-b77b-c0ea09139d97/885a6042-ee51-4135-8e05-4cc363bcbce6.png, contentType=image/png, size=657489
2025-12-12 17:24:03.197  INFO [77f45627] c.e.f.service.S3StorageService           : Successfully uploaded file to S3: http://localhost:4566/forever-home-images/pets/65a0c4c9-4504-4c11-b77b-c0ea09139d97/885a6042-ee51-4135-8e05-4cc363bcbce6.png
2025-12-12 17:24:03.204  INFO [77f45627] c.e.foreverhome.logging.LoggingFilter    : Request completed: POST /api/pets/65a0c4c9-4504-4c11-b77b-c0ea09139d97/images - 201 (24ms)
2025-12-12 17:24:51.668  WARN [        ] c.e.f.security.JwtTokenProvider          : Expired JWT token: JWT expired 60668 milliseconds ago at 2025-12-12T17:23:51.000Z. Current time: 2025-12-12T17:24:51.668Z. Allowed clock skew: 0 milliseconds.
2025-12-12 17:25:06.381  WARN [        ] c.e.f.security.JwtTokenProvider          : Expired JWT token: JWT expired 75381 milliseconds ago at 2025-12-12T17:23:51.000Z. Current time: 2025-12-12T17:25:06.381Z. Allowed clock skew: 0 milliseconds.
2025-12-12 17:25:06.381  WARN [        ] c.e.f.security.JwtTokenProvider          : Expired JWT token: JWT expired 75381 milliseconds ago at 2025-12-12T17:23:51.000Z. Current time: 2025-12-12T17:25:06.381Z. Allowed clock skew: 0 milliseconds.
2025-12-12 17:25:06.387  INFO [234e0ae4] c.e.foreverhome.logging.LoggingFilter    : Request completed: GET /api/pets/featured - 200 (5ms)
2025-12-12 17:25:08.886  WARN [        ] c.e.f.security.JwtTokenProvider          : Expired JWT token: JWT expired 77886 milliseconds ago at 2025-12-12T17:23:51.000Z. Current time: 2025-12-12T17:25:08.886Z. Allowed clock skew: 0 milliseconds.
2025-12-12 17:25:08.893  INFO [fd3798f1] c.e.foreverhome.logging.LoggingFilter    : Request completed: POST /api/auth/logout - 204 (6ms)
2025-12-12 17:25:13.274  WARN [5b72ccb3] c.e.f.logging.UserJourneyLogger          : [USER_LOGIN] Failed: tezball86@yahoo.ie - User not found
2025-12-12 17:25:13.278  WARN [5b72ccb3] .m.m.a.ExceptionHandlerExceptionResolver : Resolved [com.example.foreverhome.exception.AuthenticationException: Invalid credentials]
2025-12-12 17:25:13.278  WARN [5b72ccb3] c.e.foreverhome.logging.LoggingFilter    : Request completed: POST /api/auth/login - 401 (7ms)
2025-12-12 17:25:32.078  INFO [566fb48c] c.e.foreverhome.service.AuthService      : Auto-activated user tezball86@yahoo.ie (app.email.verification.auto-activate=true)
2025-12-12 17:25:32.080  INFO [566fb48c] c.e.foreverhome.service.AuthService      : Auto-created Foster profile for user c7bf8d94-c0e9-4d7c-91e8-3883943b5166
2025-12-12 17:25:32.092  INFO [566fb48c] c.e.f.logging.UserJourneyLogger          : [EMAIL_SENT] welcome to tezball86@yahoo.ie - Subject: Welcome to Forever Home!
2025-12-12 17:25:32.092  INFO [566fb48c] c.e.f.service.SmtpEmailService           : Email sent to tezball86@yahoo.ie: Welcome to Forever Home! (view at http://localhost:8025)
2025-12-12 17:25:32.092  INFO [566fb48c] c.e.f.logging.UserJourneyLogger          : [USER_REGISTER] Success: tezball86@yahoo.ie - User registered with role FOSTER
2025-12-12 17:25:32.097  INFO [566fb48c] c.e.foreverhome.logging.LoggingFilter    : Request completed: POST /api/auth/register - 201 (76ms)
2025-12-12 17:25:36.319  INFO [00e7649f] c.e.f.logging.UserJourneyLogger          : [USER_LOGIN] Success: tezball86@yahoo.ie - Login successful as FOSTER
2025-12-12 17:25:36.324  INFO [00e7649f] c.e.foreverhome.logging.LoggingFilter    : Request completed: POST /api/auth/login - 200 (64ms)
2025-12-12 17:25:36.340  INFO [a06d64ef] c.e.foreverhome.logging.LoggingFilter    : Request completed: GET /api/notifications/unread/count - 200 (2ms)
2025-12-12 17:25:36.341  INFO [ef6eece7] c.e.foreverhome.logging.LoggingFilter    : Request completed: GET /api/stats - 200 (3ms)
2025-12-12 17:25:36.342  INFO [fd01384c] c.e.foreverhome.logging.LoggingFilter    : Request completed: GET /api/pets/featured - 200 (4ms)
2025-12-12 17:25:43.535  INFO [b58e28c6] c.e.foreverhome.logging.LoggingFilter    : Request completed: GET /api/pets/my - 200 (4ms)
2025-12-12 17:26:07.405  INFO [7e4bd6d7] c.e.foreverhome.logging.LoggingFilter    : Request completed: POST /api/pets - 201 (15ms)
2025-12-12 17:26:07.414  INFO [c1a037c1] c.e.foreverhome.logging.LoggingFilter    : Request completed: GET /api/pets/935709fd-9175-47e6-81f4-c2cb81b158f8/images - 200 (3ms)
2025-12-12 17:26:07.415  INFO [3bceb006] c.e.foreverhome.logging.LoggingFilter    : Request completed: GET /api/pets/935709fd-9175-47e6-81f4-c2cb81b158f8 - 200 (4ms)
2025-12-12 17:26:12.583  INFO [cb66b4e6] c.e.f.service.S3StorageService           : Uploading file to S3: bucket=forever-home-images, key=pets/935709fd-9175-47e6-81f4-c2cb81b158f8/581605ae-f867-4e4a-ac6d-12613d072385.jpeg, contentType=image/jpeg, size=13470
2025-12-12 17:26:12.588  INFO [cb66b4e6] c.e.f.service.S3StorageService           : Successfully uploaded file to S3: http://localhost:4566/forever-home-images/pets/935709fd-9175-47e6-81f4-c2cb81b158f8/581605ae-f867-4e4a-ac6d-12613d072385.jpeg
2025-12-12 17:26:12.603  INFO [cb66b4e6] c.e.foreverhome.logging.LoggingFilter    : Request completed: POST /api/pets/935709fd-9175-47e6-81f4-c2cb81b158f8/images - 201 (26ms)
2025-12-12 17:26:14.776  INFO [7f2a3877] c.e.foreverhome.logging.LoggingFilter    : Request completed: PUT /api/pets/935709fd-9175-47e6-81f4-c2cb81b158f8 - 200 (18ms)
2025-12-12 17:26:14.787  INFO [6b81989a] c.e.foreverhome.logging.LoggingFilter    : Request completed: GET /api/pets/935709fd-9175-47e6-81f4-c2cb81b158f8 - 200 (5ms)
2025-12-12 17:26:14.798  INFO [6629ca8a] c.e.foreverhome.logging.LoggingFilter    : Request completed: GET /api/pets/935709fd-9175-47e6-81f4-c2cb81b158f8/history - 200 (6ms)
2025-12-12 17:26:18.708  INFO [fa5b0202] c.e.foreverhome.logging.LoggingFilter    : Request completed: GET /api/pets/my - 200 (3ms)
2025-12-12 17:26:20.589  INFO [1ba08d5b] c.e.foreverhome.logging.LoggingFilter    : Request completed: GET /api/pets/935709fd-9175-47e6-81f4-c2cb81b158f8 - 200 (5ms)
2025-12-12 17:26:20.603  INFO [f70578ea] c.e.foreverhome.logging.LoggingFilter    : Request completed: GET /api/pets/935709fd-9175-47e6-81f4-c2cb81b158f8/history - 200 (6ms)
2025-12-12 17:26:33.927  INFO [f03cb199] c.e.foreverhome.logging.LoggingFilter    : Request completed: GET /api/notifications - 200 (6ms)
2025-12-12 17:26:35.773  INFO [1cfc3c5a] c.e.foreverhome.logging.LoggingFilter    : Request completed: GET /api/pets/my - 200 (9ms)
2025-12-12 17:26:36.336  INFO [731a4edf] c.e.foreverhome.logging.LoggingFilter    : Request completed: GET /api/notifications/unread/count - 200 (3ms)
2025-12-12 17:26:41.000  INFO [ed49bfa0] c.e.foreverhome.logging.LoggingFilter    : Request completed: GET /api/pets/935709fd-9175-47e6-81f4-c2cb81b158f8/images - 200 (2ms)
2025-12-12 17:26:41.000  INFO [19b92aaa] c.e.foreverhome.logging.LoggingFilter    : Request completed: GET /api/pets/935709fd-9175-47e6-81f4-c2cb81b158f8 - 200 (3ms)
2025-12-12 17:26:46.513  INFO [960f7b7f] c.e.f.service.S3StorageService           : Uploading file to S3: bucket=forever-home-images, key=pets/935709fd-9175-47e6-81f4-c2cb81b158f8/e7149a5f-b5c2-46d0-af91-15e2f994570c.jpeg, contentType=image/jpeg, size=13470
2025-12-12 17:26:46.519  INFO [960f7b7f] c.e.f.service.S3StorageService           : Successfully uploaded file to S3: http://localhost:4566/forever-home-images/pets/935709fd-9175-47e6-81f4-c2cb81b158f8/e7149a5f-b5c2-46d0-af91-15e2f994570c.jpeg
2025-12-12 17:26:46.525  INFO [960f7b7f] c.e.foreverhome.logging.LoggingFilter    : Request completed: POST /api/pets/935709fd-9175-47e6-81f4-c2cb81b158f8/images - 201 (17ms)
2025-12-12 17:26:50.151  INFO [a2dc06de] c.e.foreverhome.logging.LoggingFilter    : Request completed: PUT /api/pets/935709fd-9175-47e6-81f4-c2cb81b158f8 - 200 (8ms)
2025-12-12 17:26:50.170  INFO [baab8639] c.e.foreverhome.logging.LoggingFilter    : Request completed: GET /api/pets/935709fd-9175-47e6-81f4-c2cb81b158f8 - 200 (4ms)
2025-12-12 17:26:50.176  INFO [337330f9] c.e.foreverhome.logging.LoggingFilter    : Request completed: GET /api/pets/935709fd-9175-47e6-81f4-c2cb81b158f8/history - 200 (2ms)
2025-12-12 17:26:55.138  INFO [644440d0] c.e.foreverhome.logging.LoggingFilter    : Request completed: GET /api/pets - 200 (6ms)
2025-12-12 17:26:56.803  INFO [94205750] c.e.foreverhome.logging.LoggingFilter    : Request completed: GET /api/pets/my - 200 (4ms)
2025-12-12 17:26:58.621  INFO [007429b1] c.e.foreverhome.logging.LoggingFilter    : Request completed: GET /api/pets/935709fd-9175-47e6-81f4-c2cb81b158f8 - 200 (4ms)
2025-12-12 17:26:58.621  INFO [b4c7859f] c.e.foreverhome.logging.LoggingFilter    : Request completed: GET /api/pets/935709fd-9175-47e6-81f4-c2cb81b158f8/images - 200 (4ms)
2025-12-12 17:27:03.409  INFO [6bbe614f] c.e.foreverhome.logging.LoggingFilter    : Request completed: GET /api/pets/my - 200 (6ms)
2025-12-12 17:27:05.531  INFO [bbbc2d1e] c.e.foreverhome.logging.LoggingFilter    : Request completed: GET /api/pets/935709fd-9175-47e6-81f4-c2cb81b158f8 - 200 (3ms)
2025-12-12 17:27:05.533  INFO [6d54f56c] c.e.foreverhome.logging.LoggingFilter    : Request completed: GET /api/rescues - 200 (5ms)
2025-12-12 17:27:36.342  INFO [a202ce27] c.e.foreverhome.logging.LoggingFilter    : Request completed: GET /api/notifications/unread/count - 200 (5ms)
2025-12-12 17:28:36.341  INFO [75d879dc] c.e.foreverhome.logging.LoggingFilter    : Request completed: GET /api/notifications/unread/count - 200 (4ms)
2025-12-12 17:29:36.345  INFO [fd952848] c.e.foreverhome.logging.LoggingFilter    : Request completed: GET /api/notifications/unread/count - 200 (4ms)
2025-12-12 17:30:20.910  INFO [c7aa5567] c.e.foreverhome.logging.LoggingFilter    : Request completed: GET /api/dev/test-accounts - 200 (0ms)
2025-12-12 17:30:20.912  INFO [3f8a82c2] c.e.foreverhome.logging.LoggingFilter    : Request completed: GET /api/dev/test-accounts - 200 (1ms)
2025-12-12 17:30:20.924  INFO [110f5423] c.e.foreverhome.logging.LoggingFilter    : Request completed: GET /api/notifications/unread/count - 200 (1ms)
2025-12-12 17:30:20.927  INFO [a5a3dda9] c.e.foreverhome.logging.LoggingFilter    : Request completed: GET /api/notifications/unread/count - 200 (2ms)
2025-12-12 17:30:26.882  INFO [540a4e3c] c.e.foreverhome.logging.LoggingFilter    : Request completed: GET /api/notifications/unread/count - 200 (2ms)
2025-12-12 17:30:26.884  INFO [8af62262] c.e.foreverhome.logging.LoggingFilter    : Request completed: GET /api/rescues - 200 (1ms)
2025-12-12 17:30:26.884  INFO [eb3ec095] c.e.foreverhome.logging.LoggingFilter    : Request completed: GET /api/notifications/unread/count - 200 (1ms)
2025-12-12 17:30:26.885  INFO [0feeec14] c.e.foreverhome.logging.LoggingFilter    : Request completed: GET /api/pets/65a0c4c9-4504-4c11-b77b-c0ea09139d97 - 200 (2ms)
2025-12-12 17:30:26.887  INFO [57237a85] c.e.foreverhome.logging.LoggingFilter    : Request completed: GET /api/rescues - 200 (1ms)
2025-12-12 17:30:26.888  INFO [5e705226] c.e.foreverhome.logging.LoggingFilter    : Request completed: GET /api/pets/65a0c4c9-4504-4c11-b77b-c0ea09139d97 - 200 (2ms)
2025-12-12 17:30:36.336  INFO [d94da3c3] c.e.foreverhome.logging.LoggingFilter    : Request completed: GET /api/notifications/unread/count - 200 (3ms)
2025-12-12 17:30:45.826  WARN [eddb1a28] c.e.f.service.NotificationService        : Cannot send notification: user 76dcf229-5b98-4e9a-9d30-f616b2a39c38 not found
2025-12-12 17:30:45.830  INFO [eddb1a28] c.e.foreverhome.logging.LoggingFilter    : Request completed: POST /api/pets/65a0c4c9-4504-4c11-b77b-c0ea09139d97/submit - 200 (11ms)
2025-12-12 17:30:47.847  INFO [d5d8a165] c.e.foreverhome.logging.LoggingFilter    : Request completed: GET /api/pets/my - 200 (5ms)
2025-12-12 17:30:47.853  INFO [6225d70f] c.e.foreverhome.logging.LoggingFilter    : Request completed: GET /api/pets/my - 200 (5ms)
2025-12-12 17:31:32.127  INFO [bef82a7a] c.e.foreverhome.logging.LoggingFilter    : Request completed: POST /api/auth/logout - 204 (9ms)
2025-12-12 17:31:34.797  INFO [19d82aa8] c.e.f.logging.UserJourneyLogger          : [USER_LOGIN] Success: tezball86@yahoo.ie - Login successful as FOSTER
2025-12-12 17:31:34.799  INFO [19d82aa8] c.e.foreverhome.logging.LoggingFilter    : Request completed: POST /api/auth/login - 200 (54ms)
2025-12-12 17:31:34.811  INFO [8419254c] c.e.foreverhome.logging.LoggingFilter    : Request completed: GET /api/notifications/unread/count - 200 (1ms)
2025-12-12 17:31:34.818  INFO [cc4cf882] c.e.foreverhome.logging.LoggingFilter    : Request completed: GET /api/stats - 200 (3ms)
2025-12-12 17:31:34.821  INFO [6254a676] c.e.foreverhome.logging.LoggingFilter    : Request completed: GET /api/pets/featured - 200 (5ms)
[ERROR] Failed to execute goal org.springframework.boot:spring-boot-maven-plugin:4.0.0:run (default-cli) on project forever-home: Process terminated with exit code: 137 -> [Help 1]
[ERROR] 
[ERROR] To see the full stack trace of the errors, re-run Maven with the -e switch.
[ERROR] Re-run Maven using the -X switch to enable full debug logging.
[ERROR] 
[ERROR] For more information about the errors and possible solutions, please read the following articles:
[ERROR] [Help 1] http://cwiki.apache.org/confluence/display/MAVEN/MojoExecutionException
